name,smiles,p_crbn_glue,error
cand_0,CCc1ccc2c(c1)C(=O)N(C1CCC(=O)NC1=O)C2=O,0.97,
cand_1,O=C1CCC(N2C(=O)c3cccc(-c4ccc(N5CCNCC5)cc4)c3C2=O)C(=O)N1,1.0,
cand_2,O=C1CCC(N2C(=O)c3c(F)ccc(Br)c3C2=O)C(=O)N1,0.91,
cand_3,COc1ccc(S(N)(=O)=O)c2c1C(=O)N(C1CCC(=O)NC1=O)C2=O,0.91,
cand_4,O=C1CCC(N2C(=O)c3cccc([N+](=O)[O-])c3C2=O)C(=O)N1,0.915,
cand_5,O=C1CCC(N2Cc3cc([N+](=O)[O-])ccc3C2=O)C(=O)N1,0.905,
cand_6,O=C1CCC(N2C(=O)c3cccc(I)c3C2=O)C(=O)N1,0.95,
cand_7,O=C1CCC(N2Cc3ccc(Cl)cc3C2=O)C(=O)N1,0.985,
cand_8,O=C1CCC(N2Cc3c(ccc(-c4ccc(N5CCNCC5)cc4)c3Br)C2=O)C(=O)N1,0.98,
cand_9,Cc1ccc2c(c1Br)C(=O)N(C1CCC(=O)NC1=O)C2,0.905,
cand_10,CCc1cc(Br)cc2c1C(=O)N(C1CCC(=O)NC1=O)C2=O,0.95,
cand_11,NS(=O)(=O)c1ccc2c(c1)C(=O)N(C1CCC(=O)NC1=O)C2=O,0.975,
cand_12,O=C1CCC(N2Cc3ccc(C(F)(F)F)cc3C2=O)C(=O)N1,0.995,
cand_13,O=C1CCC(N2C(=O)c3ccc(Br)c(O)c3C2=O)C(=O)N1,0.99,
cand_14,O=C1CCC(N2C(=O)c3cccc(C(=O)O)c3C2=O)C(=O)N1,0.965,
cand_15,O=C1CCC(N2Cc3cc([N+](=O)[O-])c(Cl)cc3C2=O)C(=O)N1,0.92,
cand_16,O=C1CCC(N2C(=O)c3ccc(C(=O)O)cc3C2=O)C(=O)N1,0.975,
cand_17,Nc1cc2c(c(S(N)(=O)=O)c1)C(=O)N(C1CCC(=O)NC1=O)C2=O,0.94,
cand_18,O=C1CCC(N2Cc3cc(-c4ccc(N5CCNCC5)cc4)ccc3C2=O)C(=O)N1,0.92,
cand_19,O=C1CCC(N2Cc3ccc(C(F)(F)F)c(C(=O)O)c3C2=O)C(=O)N1,0.915,
cand_20,O=C1CCC(N2C(=O)c3cccc(Br)c3C2=O)C(=O)N1,0.99,
cand_21,O=C1CCC(N2C(=O)c3ccc(O)cc3C2=O)C(=O)N1,1.0,
cand_22,NS(=O)(=O)c1ccc2c(c1C(=O)O)CN(C1CCC(=O)NC1=O)C2=O,0.975,
cand_23,O=C1CCC(N2Cc3c(I)cc(-c4ccc(N5CCNCC5)cc4)cc3C2=O)C(=O)N1,0.9,
cand_24,N#Cc1cc(C(N)=O)c2c(c1)C(=O)N(C1CCC(=O)NC1=O)C2,0.895,
cand_25,COc1cccc2c1C(=O)N(C1CCC(=O)NC1=O)C2=O,0.995,
cand_26,CN(C)c1cc(C#N)c2c(c1)C(=O)N(C1CCC(=O)NC1=O)C2=O,0.945,
cand_27,O=C1CCC(N2C(=O)c3cc(F)c(I)cc3C2=O)C(=O)N1,0.945,
cand_28,O=C1CCC(N2Cc3cc(Cl)ccc3C2=O)C(=O)N1,0.98,
cand_29,CNc1ccc(Br)c2c1C(=O)N(C1CCC(=O)NC1=O)C2=O,0.91,
cand_30,Cc1cccc2c1C(=O)N(C1CCC(=O)NC1=O)C2=O,0.965,
cand_31,NS(=O)(=O)c1cc2c(cc1C(F)(F)F)C(=O)N(C1CCC(=O)NC1=O)C2=O,0.9,
cand_32,CCc1ccc2c(c1)CN(C1CCC(=O)NC1=O)C2=O,0.955,
cand_33,O=C1CCC(N2C(=O)c3ccc(Br)c(Cl)c3C2=O)C(=O)N1,0.99,
cand_34,CNc1cc(C)c2c(c1)C(=O)N(C1CCC(=O)NC1=O)C2=O,0.95,
cand_35,CNc1ccc(C(N)=O)c2c1C(=O)N(C1CCC(=O)NC1=O)C2=O,0.87,
cand_36,NC(=O)c1cccc2c1C(=O)N(C1CCC(=O)NC1=O)C2=O,0.96,
cand_37,NS(=O)(=O)c1cccc2c1C(=O)N(C1CCC(=O)NC1=O)C2,0.955,
cand_38,O=C1CCC(N2C(=O)c3c(C(=O)O)ccc([N+](=O)[O-])c3C2=O)C(=O)N1,0.85,
cand_39,Cc1ccc2c(c1)C(=O)N(C1CCC(=O)NC1=O)C2=O,0.99,
cand_40,O=C1CCC(N2Cc3cccc(O)c3C2=O)C(=O)N1,0.975,
cand_41,O=C1CCC(N2Cc3cc(Br)ccc3C2=O)C(=O)N1,0.97,
cand_42,O=C1CCC(N2Cc3c(-c4ccc(N5CCNCC5)cc4)ccc(F)c3C2=O)C(=O)N1,0.99,
cand_43,NC(=O)c1ccc2c(c1)C(=O)N(C1CCC(=O)NC1=O)C2=O,0.95,
cand_44,O=C1CCC(N2Cc3cc(C(=O)O)ccc3C2=O)C(=O)N1,0.96,
cand_45,O=C1CCC(N2C(=O)c3cccc(F)c3C2=O)C(=O)N1,0.935,
cand_46,N#Cc1cccc2c1C(=O)N(C1CCC(=O)NC1=O)C2,0.96,
cand_47,Cc1ccc(C#N)c2c1C(=O)N(C1CCC(=O)NC1=O)C2,0.88,
cand_48,CN(C)c1cccc2c1C(=O)N(C1CCC(=O)NC1=O)C2=O,0.995,
cand_49,O=C1CCC(N2C(=O)c3cccc(O)c3C2=O)C(=O)N1,1.0,
cand_50,CCc1cc(C(=O)O)cc2c1C(=O)N(C1CCC(=O)NC1=O)C2=O,0.94,
cand_51,O=C1CCC(N2C(=O)c3cc(Cl)c(Br)cc3C2=O)C(=O)N1,0.975,
cand_52,Cc1cc2c(cc1[N+](=O)[O-])CN(C1CCC(=O)NC1=O)C2=O,0.905,
cand_53,Nc1cccc2c1C(=O)N(C1CCC(=O)NC1=O)C2=O,0.965,
cand_54,O=C1CCC(N2Cc3ccc(Br)cc3C2=O)C(=O)N1,0.99,
cand_55,O=C1CCC(N2C(=O)c3cc(C(F)(F)F)cc(Br)c3C2=O)C(=O)N1,0.955,
cand_56,CN(C)c1ccc2c(c1F)C(=O)N(C1CCC(=O)NC1=O)C2,0.94,
cand_57,COc1ccc(I)c2c1CN(C1CCC(=O)NC1=O)C2=O,0.895,
cand_58,Cc1cc(C#N)cc2c1C(=O)N(C1CCC(=O)NC1=O)C2=O,0.915,
cand_59,CN(C)c1ccc2c(c1)C(=O)N(C1CCC(=O)NC1=O)C2,0.99,
cand_60,O=C1CCC(N2Cc3c(Br)cccc3C2=O)C(=O)N1,0.995,
cand_61,O=C1CCC(N2Cc3c(F)cccc3C2=O)C(=O)N1,0.985,
cand_62,O=C1CCC(N2Cc3ccc(O)cc3C2=O)C(=O)N1,0.985,
cand_63,O=C1CCC(N2Cc3ccc(I)c(F)c3C2=O)C(=O)N1,0.945,
cand_64,O=C1CCC(N2C(=O)c3cc(Cl)c(C(F)(F)F)cc3C2=O)C(=O)N1,0.85,
cand_65,O=C1CCC(N2C(=O)c3ccc(Cl)cc3C2=O)C(=O)N1,1.0,
cand_66,O=C1CCC(N2Cc3c(cccc3C(F)(F)F)C2=O)C(=O)N1,0.99,
cand_67,O=C1CCC(N2C(=O)c3cc(I)c(C(F)(F)F)cc3C2=O)C(=O)N1,0.915,
cand_68,O=C1CCC(N2Cc3c(ccc(O)c3O)C2=O)C(=O)N1,0.99,
cand_69,O=C1CCC(N2Cc3cc(O)cc(I)c3C2=O)C(=O)N1,0.92,
cand_70,CCc1cccc2c1C(=O)N(C1CCC(=O)NC1=O)C2,0.935,
cand_71,N#Cc1ccc2c(c1)C(=O)N(C1CCC(=O)NC1=O)C2=O,0.94,
cand_72,O=C1CCC(N2Cc3cccc(-c4ccc(N5CCNCC5)cc4)c3C2=O)C(=O)N1,0.98,
cand_73,COc1cccc2c1CN(C1CCC(=O)NC1=O)C2=O,0.97,
cand_74,NC(=O)c1cc(I)cc2c1C(=O)N(C1CCC(=O)NC1=O)C2=O,0.95,
cand_75,CN(C)c1cc2c(cc1I)CN(C1CCC(=O)NC1=O)C2=O,0.955,
cand_76,NC(=O)c1cc(Cl)cc2c1C(=O)N(C1CCC(=O)NC1=O)C2,0.94,
cand_77,NC(=O)c1cc(Br)c2c(c1)C(=O)N(C1CCC(=O)NC1=O)C2=O,0.925,
cand_78,N#Cc1c(I)ccc2c1C(=O)N(C1CCC(=O)NC1=O)C2,0.945,
cand_79,N#Cc1cc2c(c(C(=O)O)c1)C(=O)N(C1CCC(=O)NC1=O)C2,0.925,
cand_80,O=C1CCC(N2C(=O)c3cc(F)c(-c4ccc(N5CCNCC5)cc4)cc3C2=O)C(=O)N1,0.95,
cand_81,NC(=O)c1ccc2c(c1)CN(C1CCC(=O)NC1=O)C2=O,0.925,
cand_82,CCc1cc(C#N)c2c(c1)C(=O)N(C1CCC(=O)NC1=O)C2,0.91,
cand_83,O=C1CCC(N2C(=O)c3ccc(F)cc3C2=O)C(=O)N1,0.985,
cand_84,Nc1ccc2c(c1)CN(C1CCC(=O)NC1=O)C2=O,0.995,
cand_85,CCc1cccc2c1C(=O)N(C1CCC(=O)NC1=O)C2=O,0.965,
cand_86,CCc1ccc(-c2ccc(N3CCNCC3)cc2)c2c1C(=O)N(C1CCC(=O)NC1=O)C2=O,0.91,
cand_87,NS(=O)(=O)c1cc(Br)c2c(c1)CN(C1CCC(=O)NC1=O)C2=O,0.92,
cand_88,O=C1CCC(N2Cc3ccc([N+](=O)[O-])cc3C2=O)C(=O)N1,0.93,
cand_89,CCc1ccc(N)c2c1C(=O)N(C1CCC(=O)NC1=O)C2,0.805,
cand_90,Cc1cc2c(cc1Br)C(=O)N(C1CCC(=O)NC1=O)C2,0.965,
cand_91,O=C1CCC(N2Cc3ccc(-c4ccc(N5CCNCC5)cc4)cc3C2=O)C(=O)N1,0.925,
cand_92,Cc1cccc2c1CN(C1CCC(=O)NC1=O)C2=O,0.97,
cand_93,O=C1CCC(N2Cc3c(C(=O)O)cccc3C2=O)C(=O)N1,0.98,
cand_94,N#Cc1ccc2c(c1)C(=O)N(C1CCC(=O)NC1=O)C2,0.965,
cand_95,CNc1ccc2c(c1)CN(C1CCC(=O)NC1=O)C2=O,0.895,
cand_96,CNc1cccc2c1C(=O)N(C1CCC(=O)NC1=O)C2=O,0.975,
cand_97,O=C1CCC(N2C(=O)c3ccc(-c4ccc(N5CCNCC5)cc4)cc3C2=O)C(=O)N1,0.9,
cand_98,O=C1CCC(N2C(=O)c3ccc([N+](=O)[O-])cc3C2=O)C(=O)N1,0.93,
cand_99,COc1cccc2c1C(=O)N(C1CCC(=O)NC1=O)C2,0.955,
cand_100,O=C1CCC(N2C(=O)c3ccc(Br)cc3C2=O)C(=O)N1,0.98,
cand_101,CNc1c(N)ccc2c1C(=O)N(C1CCC(=O)NC1=O)C2=O,0.96,
cand_102,COc1cc2c(c(C(F)(F)F)c1)C(=O)N(C1CCC(=O)NC1=O)C2=O,0.96,
cand_103,N#Cc1ccc(I)c2c1C(=O)N(C1CCC(=O)NC1=O)C2=O,0.89,
cand_104,O=C1CCC(N2C(=O)c3ccc(I)cc3C2=O)C(=O)N1,0.995,
cand_105,O=C1CCC(N2Cc3c(Cl)cc(C(F)(F)F)cc3C2=O)C(=O)N1,0.94,
cand_106,CN(C)c1cc2c(c([N+](=O)[O-])c1)CN(C1CCC(=O)NC1=O)C2=O,0.875,
cand_107,Nc1cccc2c1C(=O)N(C1CCC(=O)NC1=O)C2,0.965,
cand_108,O=C1CCC(N2Cc3cccc(C(=O)O)c3C2=O)C(=O)N1,0.97,
cand_109,O=C1CCC(N2Cc3cccc([N+](=O)[O-])c3C2=O)C(=O)N1,0.91,
cand_110,O=C1CCC(N2C(=O)c3ccc(C(F)(F)F)cc3C2=O)C(=O)N1,0.98,
cand_111,COc1ccc2c(c1)C(=O)N(C1CCC(=O)NC1=O)C2,0.99,
cand_112,CCc1ccc2c(c1C(N)=O)C(=O)N(C1CCC(=O)NC1=O)C2=O,0.895,
cand_113,CNc1cc2c(cc1NC)C(=O)N(C1CCC(=O)NC1=O)C2,0.94,
cand_114,N#Cc1cccc2c1CN(C1CCC(=O)NC1=O)C2=O,0.985,
cand_115,NC(=O)c1ccc2c(c1)C(=O)N(C1CCC(=O)NC1=O)C2,0.93,
cand_116,O=C1CCC(N2Cc3cc(I)ccc3C2=O)C(=O)N1,0.97,
cand_117,CNc1ccc2c(c1)C(=O)N(C1CCC(=O)NC1=O)C2=O,0.99,
cand_118,Cc1cc(C#N)c2c(c1)C(=O)N(C1CCC(=O)NC1=O)C2,0.895,
cand_119,O=C1CCC(N2C(=O)c3cc(Cl)cc(Cl)c3C2=O)C(=O)N1,0.98,
cand_120,CNc1cc2c(cc1I)C(=O)N(C1CCC(=O)NC1=O)C2,0.95,
cand_121,CNc1cc2c(cc1S(N)(=O)=O)C(=O)N(C1CCC(=O)NC1=O)C2=O,0.855,
cand_122,Nc1cccc2c1CN(C1CCC(=O)NC1=O)C2=O,0.98,
cand_123,CCc1cc(I)c2c(c1)C(=O)N(C1CCC(=O)NC1=O)C2=O,0.935,
cand_124,NS(=O)(=O)c1cc2c(cc1C(=O)O)CN(C1CCC(=O)NC1=O)C2=O,0.905,
cand_125,COc1ccc(C)c2c1C(=O)N(C1CCC(=O)NC1=O)C2=O,0.905,
cand_126,CCc1cc(Cl)c2c(c1)CN(C1CCC(=O)NC1=O)C2=O,0.91,
cand_127,NS(=O)(=O)c1ccc2c(c1Br)C(=O)N(C1CCC(=O)NC1=O)C2,0.925,
cand_128,COc1cc2c(cc1N)C(=O)N(C1CCC(=O)NC1=O)C2=O,0.97,
cand_129,NS(=O)(=O)c1cc2c(cc1I)C(=O)N(C1CCC(=O)NC1=O)C2,0.955,
cand_130,CN(C)c1cc(-c2ccc(N3CCNCC3)cc2)cc2c1C(=O)N(C1CCC(=O)NC1=O)C2,0.93,
cand_131,O=C1CCC(N2Cc3c(Cl)cccc3C2=O)C(=O)N1,0.975,
cand_132,COc1ccc2c(c1F)C(=O)N(C1CCC(=O)NC1=O)C2,0.95,
cand_133,O=C1CCC(N2Cc3cccc(C(F)(F)F)c3C2=O)C(=O)N1,0.96,
cand_134,O=C1CCC(N2Cc3ccc(I)cc3C2=O)C(=O)N1,0.985,
cand_135,NS(=O)(=O)c1ccc2c(c1Cl)C(=O)N(C1CCC(=O)NC1=O)C2,0.935,
cand_136,NS(=O)(=O)c1c(Cl)ccc2c1C(=O)N(C1CCC(=O)NC1=O)C2,0.945,
cand_137,CCc1ccc(F)c2c1CN(C1CCC(=O)NC1=O)C2=O,0.815,
cand_138,COc1ccc2c(c1C(N)=O)C(=O)N(C1CCC(=O)NC1=O)C2=O,0.985,
cand_139,N#Cc1cc(C#N)c2c(c1)C(=O)N(C1CCC(=O)NC1=O)C2,0.9,
cand_140,Cc1ccc2c(c1)C(=O)N(C1CCC(=O)NC1=O)C2,0.99,
cand_141,NC(=O)c1ccc(Cl)c2c1C(=O)N(C1CCC(=O)NC1=O)C2=O,0.89,
cand_142,O=C1CCC(N2Cc3ccc(C(=O)O)c(C(=O)O)c3C2=O)C(=O)N1,0.95,
cand_143,O=C1CCC(N2Cc3cccc(I)c3C2=O)C(=O)N1,0.945,
cand_144,O=C1CCC(N2Cc3ccc([N+](=O)[O-])c(Br)c3C2=O)C(=O)N1,0.88,
cand_145,CCc1ccc(C#N)c2c1C(=O)N(C1CCC(=O)NC1=O)C2=O,0.835,
cand_146,O=C1CCC(N2Cc3ccc(F)cc3C2=O)C(=O)N1,0.99,
cand_147,N#Cc1cccc2c1C(=O)N(C1CCC(=O)NC1=O)C2=O,0.955,
cand_148,O=C1CCC(N2C(=O)c3ccc(O)c(O)c3C2=O)C(=O)N1,1.0,
cand_149,COc1c(S(N)(=O)=O)ccc2c1CN(C1CCC(=O)NC1=O)C2=O,0.895,
cand_150,NS(=O)(=O)c1cccc2c1CN(C1CCC(=O)NC1=O)C2=O,0.98,
cand_151,NS(=O)(=O)c1ccc2c(c1C(F)(F)F)CN(C1CCC(=O)NC1=O)C2=O,0.97,
cand_152,COc1c(S(N)(=O)=O)ccc2c1C(=O)N(C1CCC(=O)NC1=O)C2,0.865,
cand_153,CNc1cccc2c1C(=O)N(C1CCC(=O)NC1=O)C2,0.965,
cand_154,O=C1CCC(N2C(=O)c3cccc(C(F)(F)F)c3C2=O)C(=O)N1,0.965,
cand_155,COc1cc(C(=O)O)cc2c1CN(C1CCC(=O)NC1=O)C2=O,0.92,
cand_156,CNc1cc(C#N)cc2c1C(=O)N(C1CCC(=O)NC1=O)C2=O,0.92,
cand_157,COc1cc(C)cc2c1C(=O)N(C1CCC(=O)NC1=O)C2=O,0.96,
cand_158,N#Cc1cc(Cl)c2c(c1)C(=O)N(C1CCC(=O)NC1=O)C2=O,0.93,
cand_159,Nc1ccc2c(c1)C(=O)N(C1CCC(=O)NC1=O)C2,0.98,
cand_160,CNc1cc(OC)cc2c1CN(C1CCC(=O)NC1=O)C2=O,0.935,
cand_161,NS(=O)(=O)c1cc(Br)c2c(c1)C(=O)N(C1CCC(=O)NC1=O)C2,0.935,
cand_162,O=C1CCC(N2Cc3cccc(F)c3C2=O)C(=O)N1,0.95,
cand_163,COc1ccc2c(c1C(F)(F)F)CN(C1CCC(=O)NC1=O)C2=O,0.94,
cand_164,CCc1cc(NC)c2c(c1)C(=O)N(C1CCC(=O)NC1=O)C2,0.91,
cand_165,CCc1ccc2c(c1Br)C(=O)N(C1CCC(=O)NC1=O)C2=O,0.89,
cand_166,NC(=O)c1ccc2c(c1I)C(=O)N(C1CCC(=O)NC1=O)C2,0.935,
cand_167,CCc1cccc2c1CN(C1CCC(=O)NC1=O)C2=O,0.97,
cand_168,CNc1cc(I)cc2c1C(=O)N(C1CCC(=O)NC1=O)C2,0.935,
cand_169,CCc1ccc([N+](=O)[O-])c2c1C(=O)N(C1CCC(=O)NC1=O)C2=O,0.79,
cand_170,Cc1c(-c2ccc(N3CCNCC3)cc2)ccc2c1C(=O)N(C1CCC(=O)NC1=O)C2=O,0.98,
cand_171,Nc1ccc2c(c1)C(=O)N(C1CCC(=O)NC1=O)C2=O,0.985,
cand_172,COc1ccc2c(c1)CN(C1CCC(=O)NC1=O)C2=O,0.98,
cand_173,NS(=O)(=O)c1c(C(F)(F)F)ccc2c1C(=O)N(C1CCC(=O)NC1=O)C2=O,0.92,
cand_174,O=C1CCC(N2Cc3c([N+](=O)[O-])ccc(Br)c3C2=O)C(=O)N1,0.835,
cand_175,COc1ccc2c(c1)C(=O)N(C1CCC(=O)NC1=O)C2=O,0.99,
cand_176,NS(=O)(=O)c1ccc2c(c1)C(=O)N(C1CCC(=O)NC1=O)C2,0.96,
cand_177,O=C1CCC(N2Cc3c(cccc3-c3ccc(N4CCNCC4)cc3)C2=O)C(=O)N1,1.0,
cand_178,NC(=O)c1c([N+](=O)[O-])ccc2c1CN(C1CCC(=O)NC1=O)C2=O,0.92,
cand_179,NC(=O)c1c(I)ccc2c1C(=O)N(C1CCC(=O)NC1=O)C2=O,0.97,
cand_180,N#Cc1ccc2c(c1Cl)C(=O)N(C1CCC(=O)NC1=O)C2,0.955,
cand_181,CN(C)c1cccc2c1CN(C1CCC(=O)NC1=O)C2=O,0.99,
cand_182,O=C1CCC(N2Cc3cc(-c4ccc(N5CCNCC5)cc4)cc(-c4ccc(N5CCNCC5)cc4)c3C2=O)C(=O)N1,0.93,
cand_183,COc1cc(O)cc2c1C(=O)N(C1CCC(=O)NC1=O)C2=O,0.985,
cand_184,Cc1ccc(N(C)C)c2c1C(=O)N(C1CCC(=O)NC1=O)C2=O,0.9,
cand_185,NC(=O)c1ccc2c(c1S(N)(=O)=O)C(=O)N(C1CCC(=O)NC1=O)C2=O,0.955,
cand_186,COc1cc(C)cc2c1C(=O)N(C1CCC(=O)NC1=O)C2,0.92,
cand_187,N#Cc1c(Cl)ccc2c1C(=O)N(C1CCC(=O)NC1=O)C2,0.935,
cand_188,CN(C)c1ccc2c(c1)C(=O)N(C1CCC(=O)NC1=O)C2=O,1.0,
cand_189,O=C1CCC(N2Cc3cccc(Cl)c3C2=O)C(=O)N1,0.975,
cand_190,O=C1CCC(N2Cc3cccc(Br)c3C2=O)C(=O)N1,0.955,
cand_191,NC(=O)c1ccc2c(c1C(=O)O)C(=O)N(C1CCC(=O)NC1=O)C2,0.93,
cand_192,O=C1CCC(N2Cc3ccc(C(=O)O)c(Br)c3C2=O)C(=O)N1,0.935,
cand_193,O=C1CCC(N2Cc3c(O)cc([N+](=O)[O-])cc3C2=O)C(=O)N1,0.885,
cand_194,Cc1cc2c(c(N(C)C)c1)C(=O)N(C1CCC(=O)NC1=O)C2=O,0.95,
cand_195,O=C1CCC(N2C(=O)c3cc(O)c(Br)cc3C2=O)C(=O)N1,0.9,
cand_196,O=C1CCC(N2Cc3c(O)cc(Cl)cc3C2=O)C(=O)N1,0.94,
cand_197,CN(C)c1cc2c(c(N(C)C)c1)C(=O)N(C1CCC(=O)NC1=O)C2=O,0.98,
cand_198,O=C1CCC(N2Cc3cc(C(F)(F)F)ccc3C2=O)C(=O)N1,0.985,
cand_199,N#Cc1ccc(Br)c2c1CN(C1CCC(=O)NC1=O)C2=O,0.915,
cand_200,CN(C)c1cc(Br)c2c(c1)C(=O)N(C1CCC(=O)NC1=O)C2,0.935,
cand_201,N#Cc1cc(C(F)(F)F)cc2c1CN(C1CCC(=O)NC1=O)C2=O,0.93,
cand_202,Nc1ccc2c(c1C(=O)O)C(=O)N(C1CCC(=O)NC1=O)C2=O,0.955,
cand_203,N#Cc1cc(C(=O)O)cc2c1C(=O)N(C1CCC(=O)NC1=O)C2,0.93,
cand_204,O=C1CCC(N2C(=O)c3ccc(O)c(Br)c3C2=O)C(=O)N1,0.985,
cand_205,O=C1CCC(N2Cc3c(cccc3[N+](=O)[O-])C2=O)C(=O)N1,0.93,
cand_206,Nc1cc(Cl)c2c(c1)C(=O)N(C1CCC(=O)NC1=O)C2=O,0.955,
cand_207,COc1ccc(F)c2c1C(=O)N(C1CCC(=O)NC1=O)C2,0.905,
cand_208,NS(=O)(=O)c1cccc2c1C(=O)N(C1CCC(=O)NC1=O)C2=O,0.98,
cand_209,N#Cc1cc2c(cc1N)C(=O)N(C1CCC(=O)NC1=O)C2=O,0.94,
cand_210,CCc1ccc2c(c1)C(=O)N(C1CCC(=O)NC1=O)C2,0.99,
cand_211,O=C1CCC(N2Cc3c(ccc(C(F)(F)F)c3Br)C2=O)C(=O)N1,0.965,
cand_212,Nc1cc2c(c([N+](=O)[O-])c1)C(=O)N(C1CCC(=O)NC1=O)C2=O,0.85,
cand_213,Nc1ccc2c(c1O)C(=O)N(C1CCC(=O)NC1=O)C2,0.945,
cand_214,Cc1ccc(C#N)c2c1C(=O)N(C1CCC(=O)NC1=O)C2=O,0.86,
cand_215,CNc1c(OC)ccc2c1C(=O)N(C1CCC(=O)NC1=O)C2,0.945,
cand_216,O=C1CCC(N2C(=O)c3cc(C(F)(F)F)cc(Cl)c3C2=O)C(=O)N1,0.955,
cand_217,NC(=O)c1cc(Br)c2c(c1)C(=O)N(C1CCC(=O)NC1=O)C2,0.885,
cand_218,N#Cc1cc2c(cc1[N+](=O)[O-])C(=O)N(C1CCC(=O)NC1=O)C2,0.91,
cand_219,O=C1CCC(N2Cc3cc(Br)cc(Cl)c3C2=O)C(=O)N1,0.95,
cand_220,O=C1CCC(N2Cc3cc(F)ccc3C2=O)C(=O)N1,0.995,
cand_221,Nc1ccc(Br)c2c1C(=O)N(C1CCC(=O)NC1=O)C2=O,0.92,
cand_222,O=C1CCC(N2C(=O)c3cc(Cl)c(C(=O)O)cc3C2=O)C(=O)N1,0.96,
cand_223,NS(=O)(=O)c1cc2c(c(C(F)(F)F)c1)C(=O)N(C1CCC(=O)NC1=O)C2=O,0.935,
cand_224,O=C1CCC(N2C(=O)c3cc(C(=O)O)c(C(F)(F)F)cc3C2=O)C(=O)N1,0.88,
cand_225,O=C1CCC(N2Cc3c(F)cc(I)cc3C2=O)C(=O)N1,0.91,
cand_226,CNc1ccc2c(c1C)C(=O)N(C1CCC(=O)NC1=O)C2=O,0.965,
cand_227,O=C1CCC(N2C(=O)c3c([N+](=O)[O-])ccc(C(F)(F)F)c3C2=O)C(=O)N1,0.82,
cand_228,O=C1CCC(N2C(=O)c3cc(O)c(O)cc3C2=O)C(=O)N1,0.99,
cand_229,Cc1ccc2c(c1N)CN(C1CCC(=O)NC1=O)C2=O,0.945,
cand_230,CN(C)c1ccc2c(c1S(N)(=O)=O)CN(C1CCC(=O)NC1=O)C2=O,0.955,
cand_231,CN(C)c1ccc(N)c2c1CN(C1CCC(=O)NC1=O)C2=O,0.92,
cand_232,Nc1cc(O)c2c(c1)C(=O)N(C1CCC(=O)NC1=O)C2,0.89,
cand_233,O=C1CCC(N2C(=O)c3ccc(Cl)c(F)c3C2=O)C(=O)N1,0.965,
cand_234,N#Cc1ccc2c(c1-c1ccc(N3CCNCC3)cc1)CN(C1CCC(=O)NC1=O)C2=O,0.975,
cand_235,CNc1ccc2c(c1)C(=O)N(C1CCC(=O)NC1=O)C2,0.965,
cand_236,O=C1CCC(N2Cc3c(I)cccc3C2=O)C(=O)N1,0.97,
cand_237,N#Cc1cc(-c2ccc(N3CCNCC3)cc2)cc2c1C(=O)N(C1CCC(=O)NC1=O)C2=O,0.91,
cand_238,O=C1CCC(N2Cc3c(I)ccc(C(=O)O)c3C2=O)C(=O)N1,0.92,
cand_239,O=C1CCC(N2C(=O)c3ccc(Cl)c(Cl)c3C2=O)C(=O)N1,0.965,
cand_240,CNc1ccc2c(c1C#N)C(=O)N(C1CCC(=O)NC1=O)C2,0.935,
cand_241,CNc1c(F)ccc2c1C(=O)N(C1CCC(=O)NC1=O)C2,0.92,
cand_242,CNc1cc2c(cc1Cl)CN(C1CCC(=O)NC1=O)C2=O,0.95,
cand_243,CCc1ccc(Cl)c2c1C(=O)N(C1CCC(=O)NC1=O)C2=O,0.855,
cand_244,O=C1CCC(N2C(=O)c3cccc(Cl)c3C2=O)C(=O)N1,0.99,
cand_245,CNc1cc2c(cc1[N+](=O)[O-])C(=O)N(C1CCC(=O)NC1=O)C2=O,0.88,
cand_246,NS(=O)(=O)c1ccc2c(c1)CN(C1CCC(=O)NC1=O)C2=O,0.955,
cand_247,CNc1cc(C(F)(F)F)cc2c1C(=O)N(C1CCC(=O)NC1=O)C2=O,0.96,
cand_248,O=C1CCC(N2Cc3ccc(O)c(F)c3C2=O)C(=O)N1,0.955,
cand_249,O=C1CCC(N2Cc3cc(O)ccc3C2=O)C(=O)N1,0.975,
cand_250,CNc1ccc(N)c2c1C(=O)N(C1CCC(=O)NC1=O)C2,0.895,
cand_251,NS(=O)(=O)c1c(I)ccc2c1CN(C1CCC(=O)NC1=O)C2=O,0.95,
cand_252,CN(C)c1cccc2c1C(=O)N(C1CCC(=O)NC1=O)C2,0.97,
cand_253,CN(C)c1c(Br)ccc2c1CN(C1CCC(=O)NC1=O)C2=O,0.98,
cand_254,O=C1CCC(N2Cc3c(Cl)cc(I)cc3C2=O)C(=O)N1,0.925,
cand_255,CN(C)c1c([N+](=O)[O-])ccc2c1C(=O)N(C1CCC(=O)NC1=O)C2=O,0.925,
cand_256,Nc1ccc(S(N)(=O)=O)c2c1C(=O)N(C1CCC(=O)NC1=O)C2=O,0.91,
cand_257,O=C1CCC(N2Cc3ccc(F)c(C(=O)O)c3C2=O)C(=O)N1,0.925,
cand_258,O=C1CCC(N2C(=O)c3cc(O)cc(-c4ccc(N5CCNCC5)cc4)c3C2=O)C(=O)N1,1.0,
cand_259,CCc1cc2c(cc1F)C(=O)N(C1CCC(=O)NC1=O)C2,0.96,
cand_260,CCc1ccc(S(N)(=O)=O)c2c1C(=O)N(C1CCC(=O)NC1=O)C2,0.815,
cand_261,NC(=O)c1cc2c(cc1-c1ccc(N3CCNCC3)cc1)C(=O)N(C1CCC(=O)NC1=O)C2=O,0.97,
cand_262,O=C1CCC(N2Cc3ccc(C(=O)O)cc3C2=O)C(=O)N1,0.97,
cand_263,N#Cc1cc(N)c2c(c1)CN(C1CCC(=O)NC1=O)C2=O,0.905,
cand_264,CN(C)c1cc2c(c(-c3ccc(N4CCNCC4)cc3)c1)C(=O)N(C1CCC(=O)NC1=O)C2=O,1.0,
cand_265,Cc1cc2c(c([N+](=O)[O-])c1)C(=O)N(C1CCC(=O)NC1=O)C2=O,0.885,
cand_266,Cc1ccc2c(c1)CN(C1CCC(=O)NC1=O)C2=O,0.97,
cand_267,Cc1ccc(C(=O)O)c2c1C(=O)N(C1CCC(=O)NC1=O)C2=O,0.875,
cand_268,NS(=O)(=O)c1cc2c(cc1C(=O)O)C(=O)N(C1CCC(=O)NC1=O)C2=O,0.94,
cand_269,CNc1cccc2c1CN(C1CCC(=O)NC1=O)C2=O,0.935,
cand_270,O=C1CCC(N2Cc3cc(-c4ccc(N5CCNCC5)cc4)cc([N+](=O)[O-])c3C2=O)C(=O)N1,0.855,
cand_271,Nc1cc2c(c(-c3ccc(N4CCNCC4)cc3)c1)C(=O)N(C1CCC(=O)NC1=O)C2=O,0.98,
cand_272,CN(C)c1cc(C(N)=O)c2c(c1)C(=O)N(C1CCC(=O)NC1=O)C2,0.905,
cand_273,O=C1CCC(N2C(=O)c3cc(Br)cc(Cl)c3C2=O)C(=O)N1,0.965,
cand_274,O=C1CCC(N2Cc3c(O)cccc3C2=O)C(=O)N1,1.0,
cand_275,CNc1ccc(C)c2c1C(=O)N(C1CCC(=O)NC1=O)C2=O,0.875,
cand_276,O=C1CCC(N2C(=O)c3cc(Br)c(C(=O)O)cc3C2=O)C(=O)N1,0.965,
cand_277,NC(=O)c1cccc2c1CN(C1CCC(=O)NC1=O)C2=O,0.96,
cand_278,O=C1CCC(N2C(=O)c3cc(Br)cc(Br)c3C2=O)C(=O)N1,0.975,
cand_279,O=C1CCC(N2Cc3c(cc(C(=O)O)cc3[N+](=O)[O-])C2=O)C(=O)N1,0.875,
cand_280,CN(C)c1cc2c(cc1O)C(=O)N(C1CCC(=O)NC1=O)C2=O,0.995,
cand_281,Cc1cc([N+](=O)[O-])cc2c1C(=O)N(C1CCC(=O)NC1=O)C2,0.855,
cand_282,Cc1cc2c(c(S(N)(=O)=O)c1)C(=O)N(C1CCC(=O)NC1=O)C2=O,0.94,
cand_283,NC(=O)c1cc2c(cc1C(=O)O)C(=O)N(C1CCC(=O)NC1=O)C2,0.87,
cand_284,O=C1CCC(N2Cc3c(ccc(Br)c3-c3ccc(N4CCNCC4)cc3)C2=O)C(=O)N1,1.0,
cand_285,CNc1cc(F)cc2c1C(=O)N(C1CCC(=O)NC1=O)C2,0.935,
cand_286,N#Cc1cc2c(c([N+](=O)[O-])c1)C(=O)N(C1CCC(=O)NC1=O)C2=O,0.87,
cand_287,O=C1CCC(N2C(=O)c3cc(O)c(-c4ccc(N5CCNCC5)cc4)cc3C2=O)C(=O)N1,1.0,
cand_288,Cc1cc(F)c2c(c1)CN(C1CCC(=O)NC1=O)C2=O,0.905,
cand_289,O=C1CCC(N2Cc3ccc(I)c(C(=O)O)c3C2=O)C(=O)N1,0.92,
cand_290,Nc1cc([N+](=O)[O-])cc2c1CN(C1CCC(=O)NC1=O)C2=O,0.86,
cand_291,N#Cc1cc(N)c2c(c1)C(=O)N(C1CCC(=O)NC1=O)C2=O,0.915,
cand_292,O=C1CCC(N2C(=O)c3ccc(C(F)(F)F)c(-c4ccc(N5CCNCC5)cc4)c3C2=O)C(=O)N1,0.94,
cand_293,Cc1c(C(N)=O)ccc2c1C(=O)N(C1CCC(=O)NC1=O)C2=O,0.95,
cand_294,NS(=O)(=O)c1cc(Cl)cc2c1C(=O)N(C1CCC(=O)NC1=O)C2=O,0.975,
cand_295,N#Cc1cc(C#N)c2c(c1)CN(C1CCC(=O)NC1=O)C2=O,0.925,
cand_296,NC(=O)c1ccc(Cl)c2c1CN(C1CCC(=O)NC1=O)C2=O,0.9,
cand_297,CCc1cc2c(cc1N)CN(C1CCC(=O)NC1=O)C2=O,0.91,
cand_298,CNc1cc(C(=O)O)cc2c1C(=O)N(C1CCC(=O)NC1=O)C2=O,0.955,
cand_299,NC(=O)c1ccc2c(c1C(=O)O)C(=O)N(C1CCC(=O)NC1=O)C2=O,0.955,
cand_300,CNc1cc2c(cc1[N+](=O)[O-])CN(C1CCC(=O)NC1=O)C2=O,0.88,
cand_301,NS(=O)(=O)c1cc(C(F)(F)F)cc2c1C(=O)N(C1CCC(=O)NC1=O)C2=O,0.935,
cand_302,Cc1ccc(C(N)=O)c2c1C(=O)N(C1CCC(=O)NC1=O)C2=O,0.875,
cand_303,CNc1cc2c(cc1[N+](=O)[O-])C(=O)N(C1CCC(=O)NC1=O)C2,0.91,
cand_304,Cc1cccc2c1C(=O)N(C1CCC(=O)NC1=O)C2,0.935,
cand_305,COc1cc(Br)c2c(c1)C(=O)N(C1CCC(=O)NC1=O)C2=O,0.98,
cand_306,NS(=O)(=O)c1cc2c(cc1F)C(=O)N(C1CCC(=O)NC1=O)C2=O,0.93,
cand_307,NC(=O)c1cc(N)c2c(c1)C(=O)N(C1CCC(=O)NC1=O)C2=O,0.91,
cand_308,O=C1CCC(N2Cc3c(I)ccc(Br)c3C2=O)C(=O)N1,0.92,
cand_309,N#Cc1ccc(-c2ccc(N3CCNCC3)cc2)c2c1C(=O)N(C1CCC(=O)NC1=O)C2,0.975,
cand_310,CCc1cc(Cl)c2c(c1)C(=O)N(C1CCC(=O)NC1=O)C2=O,0.93,
cand_311,O=C1CCC(N2Cc3c(F)cc(C(F)(F)F)cc3C2=O)C(=O)N1,0.94,
cand_312,NC(=O)c1cccc2c1C(=O)N(C1CCC(=O)NC1=O)C2,0.955,
cand_313,O=C1CCC(N2Cc3cc(Br)cc(F)c3C2=O)C(=O)N1,0.93,
cand_314,O=C1CCC(N2Cc3cc(Br)cc(C(=O)O)c3C2=O)C(=O)N1,0.93,
cand_315,O=C1CCC(N2C(=O)c3ccc(-c4ccc(N5CCNCC5)cc4)c([N+](=O)[O-])c3C2=O)C(=O)N1,0.94,
cand_316,CCc1ccc2c(c1C(N)=O)CN(C1CCC(=O)NC1=O)C2=O,0.885,
cand_317,NC(=O)c1ccc([N+](=O)[O-])c2c1C(=O)N(C1CCC(=O)NC1=O)C2,0.83,
cand_318,CNc1ccc2c(c1Br)CN(C1CCC(=O)NC1=O)C2=O,0.975,
cand_319,CNc1cc(O)c2c(c1)C(=O)N(C1CCC(=O)NC1=O)C2,0.905,
cand_320,O=C1CCC(N2Cc3cc(C(F)(F)F)c(Br)cc3C2=O)C(=O)N1,0.985,
cand_321,CCc1ccc(N(C)C)c2c1C(=O)N(C1CCC(=O)NC1=O)C2=O,0.86,
cand_322,CCc1ccc2c(c1S(N)(=O)=O)C(=O)N(C1CCC(=O)NC1=O)C2,0.815,
cand_323,CCc1ccc(-c2ccc(N3CCNCC3)cc2)c2c1CN(C1CCC(=O)NC1=O)C2=O,0.9,
cand_324,O=C1CCC(N2C(=O)c3ccc(F)c([N+](=O)[O-])c3C2=O)C(=O)N1,0.92,
cand_325,N#Cc1c(I)ccc2c1C(=O)N(C1CCC(=O)NC1=O)C2=O,0.935,
cand_326,CNc1cc(Cl)c2c(c1)C(=O)N(C1CCC(=O)NC1=O)C2=O,0.96,
cand_327,CCc1cc(Cl)cc2c1C(=O)N(C1CCC(=O)NC1=O)C2=O,0.96,
cand_328,O=C1CCC(N2Cc3cc(I)c(Br)cc3C2=O)C(=O)N1,0.965,
cand_329,Cc1c(Cl)ccc2c1C(=O)N(C1CCC(=O)NC1=O)C2=O,0.965,
cand_330,NS(=O)(=O)c1ccc2c(c1I)CN(C1CCC(=O)NC1=O)C2=O,0.97,
cand_331,COc1cc(Br)cc2c1CN(C1CCC(=O)NC1=O)C2=O,0.89,
cand_332,O=C1CCC(N2Cc3cc(C(=O)O)cc(F)c3C2=O)C(=O)N1,0.92,
cand_333,CCc1ccc2c(c1O)C(=O)N(C1CCC(=O)NC1=O)C2,0.835,
cand_334,Nc1cc2c(c(C(F)(F)F)c1)CN(C1CCC(=O)NC1=O)C2=O,0.92,
cand_335,CNc1c(N(C)C)ccc2c1C(=O)N(C1CCC(=O)NC1=O)C2=O,0.985,
cand_336,O=C1CCC(N2Cc3cc(Cl)cc(F)c3C2=O)C(=O)N1,0.93,
cand_337,CN(C)c1ccc2c(c1C(F)(F)F)C(=O)N(C1CCC(=O)NC1=O)C2=O,0.965,
cand_338,CNc1c([N+](=O)[O-])ccc2c1C(=O)N(C1CCC(=O)NC1=O)C2=O,0.91,
cand_339,O=C1CCC(N2C(=O)c3cc(O)cc(C(=O)O)c3C2=O)C(=O)N1,0.955,
cand_340,O=C1CCC(N2Cc3c(F)cc(O)cc3C2=O)C(=O)N1,0.925,
cand_341,CCc1ccc([N+](=O)[O-])c2c1C(=O)N(C1CCC(=O)NC1=O)C2,0.73,
cand_342,NS(=O)(=O)c1cc2c(c([N+](=O)[O-])c1)C(=O)N(C1CCC(=O)NC1=O)C2=O,0.9,
cand_343,NS(=O)(=O)c1ccc2c(c1Br)CN(C1CCC(=O)NC1=O)C2=O,0.98,
cand_344,NC(=O)c1cc2c(cc1O)C(=O)N(C1CCC(=O)NC1=O)C2,0.905,
cand_345,O=C1CCC(N2Cc3c(C(F)(F)F)ccc(Cl)c3C2=O)C(=O)N1,0.91,
cand_346,O=C1CCC(N2Cc3cc(Cl)c(C(=O)O)cc3C2=O)C(=O)N1,0.965,
cand_347,CCc1c(NC)ccc2c1C(=O)N(C1CCC(=O)NC1=O)C2,0.91,
cand_348,COc1cc2c(cc1[N+](=O)[O-])C(=O)N(C1CCC(=O)NC1=O)C2=O,0.93,
cand_349,CN(C)c1cc2c(cc1S(N)(=O)=O)CN(C1CCC(=O)NC1=O)C2=O,0.95,
cand_350,NC(=O)c1ccc(N)c2c1C(=O)N(C1CCC(=O)NC1=O)C2=O,0.89,
cand_351,COc1ccc(O)c2c1CN(C1CCC(=O)NC1=O)C2=O,0.905,
cand_352,N#Cc1ccc(N)c2c1C(=O)N(C1CCC(=O)NC1=O)C2,0.91,
cand_353,O=C1CCC(N2Cc3ccc(Cl)c(C(F)(F)F)c3C2=O)C(=O)N1,0.955,
cand_354,CCc1cc(F)c2c(c1)C(=O)N(C1CCC(=O)NC1=O)C2,0.925,
cand_355,COc1cc2c(cc1O)C(=O)N(C1CCC(=O)NC1=O)C2,0.98,
cand_356,CN(C)c1cc(C(N)=O)cc2c1C(=O)N(C1CCC(=O)NC1=O)C2=O,0.925,
cand_357,Nc1c(O)ccc2c1C(=O)N(C1CCC(=O)NC1=O)C2=O,0.985,
cand_358,O=C1CCC(N2Cc3ccc(F)c(I)c3C2=O)C(=O)N1,0.92,
cand_359,O=C1CCC(N2C(=O)c3ccc(C(=O)O)c([N+](=O)[O-])c3C2=O)C(=O)N1,0.91,
cand_360,CCc1cc2c(c(-c3ccc(N4CCNCC4)cc3)c1)C(=O)N(C1CCC(=O)NC1=O)C2=O,0.975,
cand_361,N#Cc1ccc2c(c1O)C(=O)N(C1CCC(=O)NC1=O)C2,0.955,
cand_362,O=C1CCC(N2C(=O)c3ccc(-c4ccc(N5CCNCC5)cc4)c(O)c3C2=O)C(=O)N1,1.0,
cand_363,CCc1ccc(C(F)(F)F)c2c1C(=O)N(C1CCC(=O)NC1=O)C2,0.81,
cand_364,Cc1c(N(C)C)ccc2c1C(=O)N(C1CCC(=O)NC1=O)C2=O,0.98,
cand_365,N#Cc1c(C(N)=O)ccc2c1C(=O)N(C1CCC(=O)NC1=O)C2=O,0.94,
cand_366,CNc1ccc2c(c1[N+](=O)[O-])CN(C1CCC(=O)NC1=O)C2=O,0.915,
cand_367,CNc1cc2c(c(C(N)=O)c1)C(=O)N(C1CCC(=O)NC1=O)C2,0.89,
cand_368,CN(C)c1cc([N+](=O)[O-])cc2c1C(=O)N(C1CCC(=O)NC1=O)C2=O,0.925,
cand_369,Nc1cc2c(cc1I)C(=O)N(C1CCC(=O)NC1=O)C2=O,0.96,
cand_370,O=C1CCC(N2Cc3c(Cl)cc(Br)cc3C2=O)C(=O)N1,0.93,
cand_371,O=C1CCC(N2Cc3ccc(Cl)c(Cl)c3C2=O)C(=O)N1,0.93,
cand_372,NC(=O)c1ccc(I)c2c1C(=O)N(C1CCC(=O)NC1=O)C2=O,0.88,
cand_373,CN(C)c1cc(I)cc2c1C(=O)N(C1CCC(=O)NC1=O)C2,0.945,
cand_374,CNc1ccc(N)c2c1C(=O)N(C1CCC(=O)NC1=O)C2=O,0.895,
cand_375,COc1cc(I)c2c(c1)C(=O)N(C1CCC(=O)NC1=O)C2=O,0.96,
cand_376,O=C1CCC(N2Cc3c(Cl)ccc(F)c3C2=O)C(=O)N1,0.92,
cand_377,O=C1CCC(N2Cc3c(ccc(O)c3[N+](=O)[O-])C2=O)C(=O)N1,0.925,
cand_378,CNc1cc(I)c2c(c1)C(=O)N(C1CCC(=O)NC1=O)C2=O,0.945,
cand_379,CCc1cc(N(C)C)cc2c1CN(C1CCC(=O)NC1=O)C2=O,0.92,
cand_380,CCc1c(NC)ccc2c1CN(C1CCC(=O)NC1=O)C2=O,0.965,
cand_381,O=C1CCC(N2Cc3c(Cl)ccc(-c4ccc(N5CCNCC5)cc4)c3C2=O)C(=O)N1,0.985,
cand_382,CNc1cc2c(cc1NC)C(=O)N(C1CCC(=O)NC1=O)C2=O,0.94,
cand_383,NC(=O)c1ccc(C(=O)O)c2c1C(=O)N(C1CCC(=O)NC1=O)C2,0.905,
cand_384,CN(C)c1ccc(C#N)c2c1C(=O)N(C1CCC(=O)NC1=O)C2=O,0.905,
cand_385,O=C1CCC(N2C(=O)c3cc(Cl)cc(C(F)(F)F)c3C2=O)C(=O)N1,0.96,
cand_386,NS(=O)(=O)c1ccc2c(c1I)C(=O)N(C1CCC(=O)NC1=O)C2,0.935,
cand_387,O=C1CCC(N2C(=O)c3ccc([N+](=O)[O-])c(C(F)(F)F)c3C2=O)C(=O)N1,0.9,
cand_388,O=C1CCC(N2Cc3ccc(I)c(Cl)c3C2=O)C(=O)N1,0.95,
cand_389,NC(=O)c1cc(Cl)c2c(c1)C(=O)N(C1CCC(=O)NC1=O)C2=O,0.92,
cand_390,NC(=O)c1c(C(=O)O)ccc2c1C(=O)N(C1CCC(=O)NC1=O)C2,0.94,
cand_391,O=C1CCC(N2Cc3ccc(-c4ccc(N5CCNCC5)cc4)c([N+](=O)[O-])c3C2=O)C(=O)N1,0.925,
cand_392,CN(C)c1cc2c(cc1O)CN(C1CCC(=O)NC1=O)C2=O,0.965,
cand_393,CNc1ccc2c(c1-c1ccc(N3CCNCC3)cc1)CN(C1CCC(=O)NC1=O)C2=O,0.97,
cand_394,CN(C)c1cc2c(cc1F)C(=O)N(C1CCC(=O)NC1=O)C2,0.985,
cand_395,COc1ccc(O)c2c1C(=O)N(C1CCC(=O)NC1=O)C2=O,0.94,
cand_396,N#Cc1cc(Cl)cc2c1CN(C1CCC(=O)NC1=O)C2=O,0.93,
cand_397,NS(=O)(=O)c1c(I)ccc2c1C(=O)N(C1CCC(=O)NC1=O)C2=O,0.96,
cand_398,COc1ccc(C)c2c1CN(C1CCC(=O)NC1=O)C2=O,0.875,
cand_399,NS(=O)(=O)c1cc(O)c2c(c1)C(=O)N(C1CCC(=O)NC1=O)C2=O,0.97,
cand_400,COc1cc(O)cc2c1CN(C1CCC(=O)NC1=O)C2=O,0.925,
cand_401,CN(C)c1ccc2c(c1Br)CN(C1CCC(=O)NC1=O)C2=O,0.98,
cand_402,NS(=O)(=O)c1ccc(C(F)(F)F)c2c1C(=O)N(C1CCC(=O)NC1=O)C2,0.885,
cand_403,O=C1CCC(N2C(=O)c3ccc([N+](=O)[O-])c(C(=O)O)c3C2=O)C(=O)N1,0.905,
cand_404,Cc1cc(Br)c2c(c1)C(=O)N(C1CCC(=O)NC1=O)C2=O,0.95,
cand_405,Cc1ccc(-c2ccc(N3CCNCC3)cc2)c2c1C(=O)N(C1CCC(=O)NC1=O)C2=O,0.945,
cand_406,Nc1cc(F)cc2c1CN(C1CCC(=O)NC1=O)C2=O,0.9,
cand_407,O=C1CCC(N2Cc3c(Br)cc(Br)cc3C2=O)C(=O)N1,0.945,
cand_408,NC(=O)c1cc(C(=O)O)c2c(c1)C(=O)N(C1CCC(=O)NC1=O)C2=O,0.91,
cand_409,O=C1CCC(N2Cc3cc(F)cc([N+](=O)[O-])c3C2=O)C(=O)N1,0.885,
cand_410,O=C1CCC(N2Cc3c(F)cc(Br)cc3C2=O)C(=O)N1,0.94,
cand_411,CN(C)c1c(I)ccc2c1C(=O)N(C1CCC(=O)NC1=O)C2=O,0.97,
cand_412,N#Cc1c(Br)ccc2c1C(=O)N(C1CCC(=O)NC1=O)C2,0.935,
cand_413,N#Cc1c(N)ccc2c1C(=O)N(C1CCC(=O)NC1=O)C2,0.94,
cand_414,COc1ccc2c(c1Br)CN(C1CCC(=O)NC1=O)C2=O,0.97,
cand_415,CNc1ccc([N+](=O)[O-])c2c1C(=O)N(C1CCC(=O)NC1=O)C2,0.825,
cand_416,Cc1cc(C(=O)O)c2c(c1)C(=O)N(C1CCC(=O)NC1=O)C2=O,0.935,
cand_417,CNc1c(-c2ccc(N3CCNCC3)cc2)ccc2c1C(=O)N(C1CCC(=O)NC1=O)C2=O,0.99,
cand_418,O=C1CCC(N2Cc3ccc(-c4ccc(N5CCNCC5)cc4)c(O)c3C2=O)C(=O)N1,0.98,
cand_419,CN(C)c1cc(Br)c2c(c1)CN(C1CCC(=O)NC1=O)C2=O,0.925,
cand_420,CN(C)c1ccc2c(c1)CN(C1CCC(=O)NC1=O)C2=O,0.96,
cand_421,Nc1cc(S(N)(=O)=O)cc2c1CN(C1CCC(=O)NC1=O)C2=O,0.9,
cand_422,CN(C)c1ccc2c(c1Cl)C(=O)N(C1CCC(=O)NC1=O)C2=O,0.995,
cand_423,N#Cc1ccc2c(c1F)C(=O)N(C1CCC(=O)NC1=O)C2=O,0.915,
cand_424,COc1cc2c(cc1N(C)C)C(=O)N(C1CCC(=O)NC1=O)C2=O,0.99,
cand_425,CCc1cc2c(cc1Br)C(=O)N(C1CCC(=O)NC1=O)C2=O,0.96,
cand_426,NC(=O)c1c(C(F)(F)F)ccc2c1C(=O)N(C1CCC(=O)NC1=O)C2=O,0.93,
cand_427,CNc1ccc(C(=O)O)c2c1C(=O)N(C1CCC(=O)NC1=O)C2=O,0.885,
cand_428,COc1ccc2c(c1N)CN(C1CCC(=O)NC1=O)C2=O,0.96,
cand_429,O=C1CCC(N2C(=O)c3cc(C(=O)O)cc(F)c3C2=O)C(=O)N1,0.92,
cand_430,COc1ccc2c(c1C(=O)O)C(=O)N(C1CCC(=O)NC1=O)C2,0.945,
cand_431,N#Cc1cc(C(F)(F)F)cc2c1C(=O)N(C1CCC(=O)NC1=O)C2,0.925,
cand_432,CCc1cc2c(cc1I)CN(C1CCC(=O)NC1=O)C2=O,0.935,
cand_433,Cc1ccc2c(c1N(C)C)CN(C1CCC(=O)NC1=O)C2=O,0.905,
cand_434,Cc1cc(F)c2c(c1)C(=O)N(C1CCC(=O)NC1=O)C2=O,0.92,
cand_435,COc1ccc(Br)c2c1C(=O)N(C1CCC(=O)NC1=O)C2=O,0.945,
cand_436,CCc1cc2c(cc1OC)C(=O)N(C1CCC(=O)NC1=O)C2,0.96,
cand_437,N#Cc1cc([N+](=O)[O-])cc2c1C(=O)N(C1CCC(=O)NC1=O)C2=O,0.885,
cand_438,COc1ccc2c(c1S(N)(=O)=O)C(=O)N(C1CCC(=O)NC1=O)C2=O,0.965,
cand_439,NS(=O)(=O)c1ccc([N+](=O)[O-])c2c1CN(C1CCC(=O)NC1=O)C2=O,0.86,
cand_440,COc1ccc2c(c1I)CN(C1CCC(=O)NC1=O)C2=O,0.96,
cand_441,N#Cc1cc(Br)c2c(c1)C(=O)N(C1CCC(=O)NC1=O)C2=O,0.935,
cand_442,O=C1CCC(N2Cc3c(O)cc(-c4ccc(N5CCNCC5)cc4)cc3C2=O)C(=O)N1,0.9,
cand_443,O=C1CCC(N2C(=O)c3ccc(-c4ccc(N5CCNCC5)cc4)c(F)c3C2=O)C(=O)N1,0.975,
cand_444,CN(C)c1cc2c(cc1O)C(=O)N(C1CCC(=O)NC1=O)C2,0.97,
cand_445,O=C1CCC(N2C(=O)c3cc(Cl)cc(-c4ccc(N5CCNCC5)cc4)c3C2=O)C(=O)N1,1.0,
cand_446,O=C1CCC(N2C(=O)c3cc(F)cc(F)c3C2=O)C(=O)N1,0.93,
cand_447,COc1cc(-c2ccc(N3CCNCC3)cc2)cc2c1CN(C1CCC(=O)NC1=O)C2=O,0.895,
cand_448,CCc1c(OC)ccc2c1C(=O)N(C1CCC(=O)NC1=O)C2=O,0.98,
cand_449,O=C1CCC(N2C(=O)c3cc(C(F)(F)F)cc([N+](=O)[O-])c3C2=O)C(=O)N1,0.89,
cand_450,N#Cc1ccc(C(=O)O)c2c1CN(C1CCC(=O)NC1=O)C2=O,0.93,
cand_451,COc1c(C(=O)O)ccc2c1C(=O)N(C1CCC(=O)NC1=O)C2,0.88,
cand_452,Cc1c(Br)ccc2c1C(=O)N(C1CCC(=O)NC1=O)C2=O,0.97,
cand_453,COc1ccc(N)c2c1CN(C1CCC(=O)NC1=O)C2=O,0.9,
cand_454,CCc1cc(CC)c2c(c1)C(=O)N(C1CCC(=O)NC1=O)C2=O,0.94,
cand_455,O=C1CCC(N2Cc3c(O)ccc(-c4ccc(N5CCNCC5)cc4)c3C2=O)C(=O)N1,0.985,
cand_456,N#Cc1ccc2c(c1-c1ccc(N3CCNCC3)cc1)C(=O)N(C1CCC(=O)NC1=O)C2,0.965,
cand_457,N#Cc1cc(F)cc2c1C(=O)N(C1CCC(=O)NC1=O)C2=O,0.92,
cand_458,O=C1CCC(N2Cc3c(F)ccc([N+](=O)[O-])c3C2=O)C(=O)N1,0.855,
cand_459,Nc1ccc(Br)c2c1C(=O)N(C1CCC(=O)NC1=O)C2,0.93,
cand_460,Nc1ccc2c(c1Br)CN(C1CCC(=O)NC1=O)C2=O,0.97,
cand_461,CCc1cc(Br)cc2c1C(=O)N(C1CCC(=O)NC1=O)C2,0.91,
cand_462,Cc1cc2c(cc1F)CN(C1CCC(=O)NC1=O)C2=O,0.975,
cand_463,O=C1CCC(N2Cc3c(-c4ccc(N5CCNCC5)cc4)ccc(O)c3C2=O)C(=O)N1,0.985,
cand_464,O=C1CCC(N2C(=O)c3ccc(F)c(O)c3C2=O)C(=O)N1,0.975,
cand_465,O=C1CCC(N2Cc3cc(Br)cc(-c4ccc(N5CCNCC5)cc4)c3C2=O)C(=O)N1,0.99,
cand_466,NC(=O)c1cc2c(cc1[N+](=O)[O-])C(=O)N(C1CCC(=O)NC1=O)C2=O,0.9,
cand_467,Cc1ccc2c(c1Br)C(=O)N(C1CCC(=O)NC1=O)C2=O,0.96,
cand_468,NC(=O)c1c(S(N)(=O)=O)ccc2c1C(=O)N(C1CCC(=O)NC1=O)C2=O,0.975,
cand_469,O=C1CCC(N2Cc3ccc(O)c(-c4ccc(N5CCNCC5)cc4)c3C2=O)C(=O)N1,0.97,
cand_470,Cc1cc2c(cc1-c1ccc(N3CCNCC3)cc1)CN(C1CCC(=O)NC1=O)C2=O,0.99,
cand_471,NS(=O)(=O)c1cc2c(cc1S(N)(=O)=O)C(=O)N(C1CCC(=O)NC1=O)C2,0.96,
cand_472,NS(=O)(=O)c1c(Cl)ccc2c1CN(C1CCC(=O)NC1=O)C2=O,0.96,
cand_473,COc1ccc2c(c1C#N)CN(C1CCC(=O)NC1=O)C2=O,0.965,
cand_474,O=C1CCC(N2C(=O)c3cc(C(=O)O)cc(Br)c3C2=O)C(=O)N1,0.955,
cand_475,N#Cc1ccc(C(N)=O)c2c1C(=O)N(C1CCC(=O)NC1=O)C2,0.91,
cand_476,O=C1CCC(N2C(=O)c3cc(Br)cc(I)c3C2=O)C(=O)N1,0.935,
cand_477,CN(C)c1c(-c2ccc(N3CCNCC3)cc2)ccc2c1C(=O)N(C1CCC(=O)NC1=O)C2=O,0.995,
cand_478,Nc1c(F)ccc2c1C(=O)N(C1CCC(=O)NC1=O)C2,0.92,
cand_479,O=C1CCC(N2Cc3c(ccc(Cl)c3O)C2=O)C(=O)N1,0.98,
cand_480,COc1ccc(C(=O)O)c2c1C(=O)N(C1CCC(=O)NC1=O)C2,0.91,
cand_481,CCc1ccc(N(C)C)c2c1CN(C1CCC(=O)NC1=O)C2=O,0.845,
cand_482,COc1cc(N(C)C)cc2c1CN(C1CCC(=O)NC1=O)C2=O,0.93,
cand_483,CN(C)c1c(C(=O)O)ccc2c1CN(C1CCC(=O)NC1=O)C2=O,0.98,
cand_484,O=C1CCC(N2C(=O)c3ccc(F)c(C(F)(F)F)c3C2=O)C(=O)N1,0.965,
cand_485,CNc1ccc(N(C)C)c2c1C(=O)N(C1CCC(=O)NC1=O)C2=O,0.92,
cand_486,CCc1cc2c(cc1C(N)=O)CN(C1CCC(=O)NC1=O)C2=O,0.85,
cand_487,NS(=O)(=O)c1cc(I)c2c(c1)C(=O)N(C1CCC(=O)NC1=O)C2,0.915,
cand_488,CN(C)c1cc(C(=O)O)c2c(c1)C(=O)N(C1CCC(=O)NC1=O)C2,0.925,
cand_489,CNc1cc(S(N)(=O)=O)cc2c1C(=O)N(C1CCC(=O)NC1=O)C2=O,0.94,
cand_490,NC(=O)c1cc(S(N)(=O)=O)cc2c1C(=O)N(C1CCC(=O)NC1=O)C2=O,0.935,
cand_491,COc1ccc(-c2ccc(N3CCNCC3)cc2)c2c1C(=O)N(C1CCC(=O)NC1=O)C2=O,0.97,
cand_492,O=C1CCC(N2Cc3cc(C(F)(F)F)cc(Cl)c3C2=O)C(=O)N1,0.93,
cand_493,CN(C)c1cc2c(cc1C(N)=O)C(=O)N(C1CCC(=O)NC1=O)C2=O,0.96,
cand_494,O=C1CCC(N2C(=O)c3cc(Cl)c(I)cc3C2=O)C(=O)N1,0.95,
cand_495,CCc1cc(O)c2c(c1)CN(C1CCC(=O)NC1=O)C2=O,0.93,
cand_496,Cc1ccc2c(c1C#N)CN(C1CCC(=O)NC1=O)C2=O,0.925,
cand_497,NS(=O)(=O)c1ccc2c(c1[N+](=O)[O-])C(=O)N(C1CCC(=O)NC1=O)C2=O,0.91,
cand_498,N#Cc1cc([N+](=O)[O-])cc2c1CN(C1CCC(=O)NC1=O)C2=O,0.865,
cand_499,O=C1CCC(N2C(=O)c3ccc(Cl)c([N+](=O)[O-])c3C2=O)C(=O)N1,0.92,
cand_500,O=C1CCC(N2C(=O)c3cc(I)cc(C(F)(F)F)c3C2=O)C(=O)N1,0.955,
cand_501,N#Cc1ccc2c(c1)CN(C1CCC(=O)NC1=O)C2=O,0.94,
cand_502,COc1cc2c(cc1I)C(=O)N(C1CCC(=O)NC1=O)C2,0.945,
cand_503,O=C1CCC(N2C(=O)c3c(-c4ccc(N5CCNCC5)cc4)ccc(C(F)(F)F)c3C2=O)C(=O)N1,0.92,
cand_504,Nc1ccc(F)c2c1C(=O)N(C1CCC(=O)NC1=O)C2,0.92,
cand_505,O=C1CCC(N2Cc3c(C(=O)O)ccc(Cl)c3C2=O)C(=O)N1,0.92,
cand_506,Cc1cc2c(cc1[N+](=O)[O-])C(=O)N(C1CCC(=O)NC1=O)C2,0.905,
cand_507,O=C1CCC(N2C(=O)c3cc(O)c(C(=O)O)cc3C2=O)C(=O)N1,0.97,
cand_508,CNc1c(Br)ccc2c1CN(C1CCC(=O)NC1=O)C2=O,0.98,
cand_509,O=C1CCC(N2C(=O)c3cc(I)cc(-c4ccc(N5CCNCC5)cc4)c3C2=O)C(=O)N1,0.995,
cand_510,O=C1CCC(N2C(=O)c3cc([N+](=O)[O-])cc(C(=O)O)c3C2=O)C(=O)N1,0.89,
cand_511,Cc1ccc(N)c2c1CN(C1CCC(=O)NC1=O)C2=O,0.89,
cand_512,N#Cc1cc2c(cc1C(N)=O)C(=O)N(C1CCC(=O)NC1=O)C2=O,0.925,
cand_513,O=C1CCC(N2Cc3c(-c4ccc(N5CCNCC5)cc4)ccc(C(F)(F)F)c3C2=O)C(=O)N1,0.965,
cand_514,O=C1CCC(N2Cc3ccc(C(=O)O)c([N+](=O)[O-])c3C2=O)C(=O)N1,0.91,
cand_515,Cc1cc(N)cc2c1C(=O)N(C1CCC(=O)NC1=O)C2=O,0.925,
cand_516,O=C1CCC(N2Cc3c(ccc(F)c3Br)C2=O)C(=O)N1,0.99,
cand_517,NS(=O)(=O)c1ccc2c(c1O)C(=O)N(C1CCC(=O)NC1=O)C2,0.935,
cand_518,CCc1cc2c(c(C(F)(F)F)c1)C(=O)N(C1CCC(=O)NC1=O)C2,0.925,
cand_519,O=C1CCC(N2C(=O)c3cc(-c4ccc(N5CCNCC5)cc4)c(C(F)(F)F)cc3C2=O)C(=O)N1,0.935,
cand_520,Nc1ccc2c(c1Br)C(=O)N(C1CCC(=O)NC1=O)C2=O,0.975,
cand_521,O=C1CCC(N2Cc3c(ccc(F)c3-c3ccc(N4CCNCC4)cc3)C2=O)C(=O)N1,1.0,
cand_522,O=C1CCC(N2C(=O)c3ccc(Cl)c(O)c3C2=O)C(=O)N1,0.985,
cand_523,COc1c(N)ccc2c1C(=O)N(C1CCC(=O)NC1=O)C2=O,0.93,
cand_524,Nc1cc2c(cc1S(N)(=O)=O)C(=O)N(C1CCC(=O)NC1=O)C2=O,0.955,
cand_525,CNc1cc(C(=O)O)cc2c1C(=O)N(C1CCC(=O)NC1=O)C2,0.935,
cand_526,O=C1CCC(N2C(=O)c3cc(O)c([N+](=O)[O-])cc3C2=O)C(=O)N1,0.93,
cand_527,CCc1cc(C#N)cc2c1C(=O)N(C1CCC(=O)NC1=O)C2=O,0.92,
cand_528,Nc1ccc(-c2ccc(N3CCNCC3)cc2)c2c1C(=O)N(C1CCC(=O)NC1=O)C2=O,0.97,
cand_529,CNc1cc2c(cc1F)C(=O)N(C1CCC(=O)NC1=O)C2=O,0.905,
cand_530,COc1ccc(C(=O)O)c2c1C(=O)N(C1CCC(=O)NC1=O)C2=O,0.92,
cand_531,CN(C)c1cc2c(cc1F)C(=O)N(C1CCC(=O)NC1=O)C2=O,0.97,
cand_532,CNc1c(C(=O)O)ccc2c1C(=O)N(C1CCC(=O)NC1=O)C2=O,0.935,
cand_533,N#Cc1cc2c(cc1C(=O)O)C(=O)N(C1CCC(=O)NC1=O)C2=O,0.935,
cand_534,O=C1CCC(N2C(=O)c3ccc([N+](=O)[O-])c(-c4ccc(N5CCNCC5)cc4)c3C2=O)C(=O)N1,0.93,
cand_535,Cc1c(C#N)ccc2c1C(=O)N(C1CCC(=O)NC1=O)C2=O,0.935,
cand_536,Cc1c(N)ccc2c1C(=O)N(C1CCC(=O)NC1=O)C2=O,0.925,
cand_537,CCc1cc2c(cc1Br)C(=O)N(C1CCC(=O)NC1=O)C2,0.95,
cand_538,CNc1cc(F)cc2c1C(=O)N(C1CCC(=O)NC1=O)C2=O,0.955,
cand_539,NS(=O)(=O)c1ccc2c(c1I)C(=O)N(C1CCC(=O)NC1=O)C2=O,0.975,
cand_540,CNc1ccc(I)c2c1C(=O)N(C1CCC(=O)NC1=O)C2=O,0.895,
cand_541,O=C1CCC(N2Cc3cc(-c4ccc(N5CCNCC5)cc4)cc(I)c3C2=O)C(=O)N1,0.91,
cand_542,Cc1ccc2c(c1N)C(=O)N(C1CCC(=O)NC1=O)C2,0.905,
cand_543,O=C1CCC(N2C(=O)c3cc(-c4ccc(N5CCNCC5)cc4)cc(C(F)(F)F)c3C2=O)C(=O)N1,0.91,
cand_544,O=C1CCC(N2C(=O)c3c(C(=O)O)ccc(C(F)(F)F)c3C2=O)C(=O)N1,0.84,
cand_545,Nc1c(I)ccc2c1C(=O)N(C1CCC(=O)NC1=O)C2=O,0.96,
cand_546,CN(C)c1c(C(N)=O)ccc2c1C(=O)N(C1CCC(=O)NC1=O)C2=O,0.96,
cand_547,CCc1ccc2c(c1NC)CN(C1CCC(=O)NC1=O)C2=O,0.885,
cand_548,Cc1cc(C(N)=O)c2c(c1)C(=O)N(C1CCC(=O)NC1=O)C2=O,0.93,
cand_549,NS(=O)(=O)c1ccc2c(c1F)C(=O)N(C1CCC(=O)NC1=O)C2=O,0.945,
cand_550,O=C1CCC(N2Cc3ccc(Br)c(F)c3C2=O)C(=O)N1,0.95,
cand_551,O=C1CCC(N2Cc3c(cc(Cl)cc3C(F)(F)F)C2=O)C(=O)N1,0.945,
cand_552,CCc1c([N+](=O)[O-])ccc2c1C(=O)N(C1CCC(=O)NC1=O)C2=O,0.9,
cand_553,CCc1ccc2c(c1C)C(=O)N(C1CCC(=O)NC1=O)C2=O,0.895,
cand_554,NS(=O)(=O)c1ccc(Br)c2c1CN(C1CCC(=O)NC1=O)C2=O,0.92,
cand_555,Cc1c(Br)ccc2c1CN(C1CCC(=O)NC1=O)C2=O,0.97,
cand_556,CN(C)c1cc2c(cc1-c1ccc(N3CCNCC3)cc1)CN(C1CCC(=O)NC1=O)C2=O,1.0,
cand_557,N#Cc1cc2c(cc1-c1ccc(N3CCNCC3)cc1)C(=O)N(C1CCC(=O)NC1=O)C2=O,0.96,
cand_558,O=C1CCC(N2C(=O)c3cc(F)cc(C(=O)O)c3C2=O)C(=O)N1,0.94,
cand_559,CNc1cc(Cl)cc2c1CN(C1CCC(=O)NC1=O)C2=O,0.935,
cand_560,O=C1CCC(N2C(=O)c3ccc(C(=O)O)c(F)c3C2=O)C(=O)N1,0.955,
cand_561,CN(C)c1ccc2c(c1Br)C(=O)N(C1CCC(=O)NC1=O)C2=O,0.985,
cand_562,NC(=O)c1cc2c(cc1N)C(=O)N(C1CCC(=O)NC1=O)C2=O,0.945,
cand_563,NC(=O)c1ccc(S(N)(=O)=O)c2c1C(=O)N(C1CCC(=O)NC1=O)C2,0.91,
cand_564,Cc1ccc2c(c1N)C(=O)N(C1CCC(=O)NC1=O)C2=O,0.945,
cand_565,O=C1CCC(N2Cc3c(F)ccc(F)c3C2=O)C(=O)N1,0.925,
cand_566,CNc1cc2c(cc1O)C(=O)N(C1CCC(=O)NC1=O)C2=O,0.94,
cand_567,O=C1CCC(N2C(=O)c3ccc(O)c(-c4ccc(N5CCNCC5)cc4)c3C2=O)C(=O)N1,0.985,
cand_568,Nc1cc(Br)cc2c1C(=O)N(C1CCC(=O)NC1=O)C2=O,0.96,
cand_569,CN(C)c1ccc(F)c2c1C(=O)N(C1CCC(=O)NC1=O)C2=O,0.915,
cand_570,O=C1CCC(N2Cc3cc(I)cc(O)c3C2=O)C(=O)N1,0.94,
cand_571,NC(=O)c1ccc(-c2ccc(N3CCNCC3)cc2)c2c1CN(C1CCC(=O)NC1=O)C2=O,0.975,
cand_572,CNc1cc(F)cc2c1CN(C1CCC(=O)NC1=O)C2=O,0.92,
cand_573,O=C1CCC(N2Cc3c(O)cc(Br)cc3C2=O)C(=O)N1,0.94,
cand_574,O=C1CCC(N2C(=O)c3ccc(I)c(Cl)c3C2=O)C(=O)N1,0.98,
cand_575,N#Cc1cc(I)c2c(c1)C(=O)N(C1CCC(=O)NC1=O)C2,0.89,
cand_576,NC(=O)c1ccc(I)c2c1CN(C1CCC(=O)NC1=O)C2=O,0.89,
cand_577,CNc1c(O)ccc2c1C(=O)N(C1CCC(=O)NC1=O)C2=O,0.985,
cand_578,O=C1CCC(N2Cc3cc(Cl)c([N+](=O)[O-])cc3C2=O)C(=O)N1,0.91,
cand_579,O=C1CCC(N2C(=O)c3c(C(F)(F)F)ccc(C(F)(F)F)c3C2=O)C(=O)N1,0.88,
cand_580,NC(=O)c1cc2c(cc1I)C(=O)N(C1CCC(=O)NC1=O)C2=O,0.945,
cand_581,CCc1ccc2c(c1C#N)C(=O)N(C1CCC(=O)NC1=O)C2=O,0.85,
cand_582,O=C1CCC(N2C(=O)c3ccc([N+](=O)[O-])c(I)c3C2=O)C(=O)N1,0.92,
cand_583,CN(C)c1c(C(N)=O)ccc2c1C(=O)N(C1CCC(=O)NC1=O)C2,0.915,
cand_584,Cc1cc(C#N)cc2c1CN(C1CCC(=O)NC1=O)C2=O,0.885,
cand_585,O=C1CCC(N2C(=O)c3cc([N+](=O)[O-])cc(I)c3C2=O)C(=O)N1,0.895,
cand_586,CN(C)c1ccc2c(c1O)CN(C1CCC(=O)NC1=O)C2=O,0.975,
cand_587,Cc1cc(C(F)(F)F)cc2c1CN(C1CCC(=O)NC1=O)C2=O,0.93,
cand_588,COc1cc(C#N)c2c(c1)C(=O)N(C1CCC(=O)NC1=O)C2=O,0.925,
cand_589,Cc1cc(Cl)c2c(c1)CN(C1CCC(=O)NC1=O)C2=O,0.925,
cand_590,NC(=O)c1cc2c(c(C(F)(F)F)c1)CN(C1CCC(=O)NC1=O)C2=O,0.895,
cand_591,COc1cc2c(c(N(C)C)c1)C(=O)N(C1CCC(=O)NC1=O)C2=O,0.98,
cand_592,NC(=O)c1ccc2c(c1-c1ccc(N3CCNCC3)cc1)CN(C1CCC(=O)NC1=O)C2=O,0.98,
cand_593,Nc1cc2c(c(C(F)(F)F)c1)C(=O)N(C1CCC(=O)NC1=O)C2,0.91,
cand_594,O=C1CCC(N2Cc3cc(Cl)c(F)cc3C2=O)C(=O)N1,0.99,
cand_595,O=C1CCC(N2C(=O)c3cc(-c4ccc(N5CCNCC5)cc4)cc(C(=O)O)c3C2=O)C(=O)N1,0.925,
cand_596,O=C1CCC(N2Cc3ccc(I)c(-c4ccc(N5CCNCC5)cc4)c3C2=O)C(=O)N1,0.96,
cand_597,NC(=O)c1ccc2c(c1Cl)C(=O)N(C1CCC(=O)NC1=O)C2,0.92,
cand_598,O=C1CCC(N2C(=O)c3ccc(Br)c(C(F)(F)F)c3C2=O)C(=O)N1,0.955,
cand_599,Nc1c(F)ccc2c1C(=O)N(C1CCC(=O)NC1=O)C2=O,0.955,
cand_600,CNc1cc2c(c(S(N)(=O)=O)c1)C(=O)N(C1CCC(=O)NC1=O)C2=O,0.94,
cand_601,NC(=O)c1c(C(=O)O)ccc2c1CN(C1CCC(=O)NC1=O)C2=O,0.985,
cand_602,CN(C)c1ccc(C(N)=O)c2c1C(=O)N(C1CCC(=O)NC1=O)C2=O,0.89,
cand_603,CCc1ccc(C)c2c1C(=O)N(C1CCC(=O)NC1=O)C2,0.81,
cand_604,NC(=O)c1cc2c(cc1C(=O)O)CN(C1CCC(=O)NC1=O)C2=O,0.87,
cand_605,O=C1CCC(N2Cc3cc(C(F)(F)F)cc(C(=O)O)c3C2=O)C(=O)N1,0.92,
cand_606,COc1cc(O)c2c(c1)C(=O)N(C1CCC(=O)NC1=O)C2=O,0.985,
cand_607,CN(C)c1cc2c(cc1F)CN(C1CCC(=O)NC1=O)C2=O,0.985,
cand_608,N#Cc1ccc2c(c1F)CN(C1CCC(=O)NC1=O)C2=O,0.985,
cand_609,COc1cc(F)cc2c1C(=O)N(C1CCC(=O)NC1=O)C2,0.925,
cand_610,NC(=O)c1ccc2c(c1S(N)(=O)=O)CN(C1CCC(=O)NC1=O)C2=O,0.97,
cand_611,CN(C)c1cc(C(N)=O)c2c(c1)C(=O)N(C1CCC(=O)NC1=O)C2=O,0.945,
cand_612,O=C1CCC(N2Cc3c(Br)cc(Cl)cc3C2=O)C(=O)N1,0.95,
cand_613,NS(=O)(=O)c1cc(I)c2c(c1)C(=O)N(C1CCC(=O)NC1=O)C2=O,0.94,
cand_614,O=C1CCC(N2Cc3c(C(=O)O)ccc(I)c3C2=O)C(=O)N1,0.9,
cand_615,O=C1CCC(N2Cc3cc(C(=O)O)cc(C(F)(F)F)c3C2=O)C(=O)N1,0.935,
cand_616,Cc1cc(-c2ccc(N3CCNCC3)cc2)cc2c1C(=O)N(C1CCC(=O)NC1=O)C2=O,0.92,
cand_617,NS(=O)(=O)c1cc2c(cc1[N+](=O)[O-])C(=O)N(C1CCC(=O)NC1=O)C2=O,0.875,
cand_618,CNc1cc(N)cc2c1CN(C1CCC(=O)NC1=O)C2=O,0.9,
cand_619,NC(=O)c1ccc([N+](=O)[O-])c2c1C(=O)N(C1CCC(=O)NC1=O)C2=O,0.835,
cand_620,CCc1c(-c2ccc(N3CCNCC3)cc2)ccc2c1C(=O)N(C1CCC(=O)NC1=O)C2=O,0.975,
cand_621,CN(C)c1cc(I)c2c(c1)C(=O)N(C1CCC(=O)NC1=O)C2=O,0.95,
cand_622,CN(C)c1cc(Cl)c2c(c1)C(=O)N(C1CCC(=O)NC1=O)C2=O,0.975,
cand_623,O=C1CCC(N2Cc3c(C(F)(F)F)ccc([N+](=O)[O-])c3C2=O)C(=O)N1,0.845,
cand_624,O=C1CCC(N2C(=O)c3c([N+](=O)[O-])ccc([N+](=O)[O-])c3C2=O)C(=O)N1,0.88,
cand_625,COc1cc2c(cc1F)C(=O)N(C1CCC(=O)NC1=O)C2,0.985,
cand_626,Cc1c(C(=O)O)ccc2c1C(=O)N(C1CCC(=O)NC1=O)C2,0.925,
cand_627,N#Cc1cc(C(N)=O)c2c(c1)C(=O)N(C1CCC(=O)NC1=O)C2=O,0.915,
cand_628,COc1c(N(C)C)ccc2c1C(=O)N(C1CCC(=O)NC1=O)C2=O,0.95,
cand_629,CNc1cc(C(N)=O)cc2c1C(=O)N(C1CCC(=O)NC1=O)C2,0.89,
cand_630,NC(=O)c1c(O)ccc2c1C(=O)N(C1CCC(=O)NC1=O)C2,0.95,
cand_631,Nc1cc(S(N)(=O)=O)cc2c1C(=O)N(C1CCC(=O)NC1=O)C2=O,0.95,
cand_632,NC(=O)c1cc(I)c2c(c1)C(=O)N(C1CCC(=O)NC1=O)C2=O,0.895,
cand_633,O=C1CCC(N2C(=O)c3c(I)ccc(-c4ccc(N5CCNCC5)cc4)c3C2=O)C(=O)N1,0.965,
cand_634,NS(=O)(=O)c1ccc2c(c1[N+](=O)[O-])C(=O)N(C1CCC(=O)NC1=O)C2,0.88,
cand_635,COc1c(Br)ccc2c1C(=O)N(C1CCC(=O)NC1=O)C2=O,0.935,
cand_636,O=C1CCC(N2C(=O)c3c(Cl)ccc(-c4ccc(N5CCNCC5)cc4)c3C2=O)C(=O)N1,0.975,
cand_637,O=C1CCC(N2C(=O)c3c(-c4ccc(N5CCNCC5)cc4)ccc([N+](=O)[O-])c3C2=O)C(=O)N1,0.915,
cand_638,O=C1CCC(N2Cc3c(ccc([N+](=O)[O-])c3F)C2=O)C(=O)N1,0.935,
cand_639,O=C1CCC(N2C(=O)c3cc(F)cc(Cl)c3C2=O)C(=O)N1,0.955,
cand_640,CNc1c(Cl)ccc2c1CN(C1CCC(=O)NC1=O)C2=O,0.975,
cand_641,O=C1CCC(N2Cc3ccc(C(=O)O)c(C(F)(F)F)c3C2=O)C(=O)N1,0.93,
cand_642,COc1c([N+](=O)[O-])ccc2c1C(=O)N(C1CCC(=O)NC1=O)C2=O,0.86,
cand_643,O=C1CCC(N2C(=O)c3ccc(C(F)(F)F)c(I)c3C2=O)C(=O)N1,0.93,
cand_644,O=C1CCC(N2Cc3cc(F)c(O)cc3C2=O)C(=O)N1,0.975,
cand_645,N#Cc1cc(Br)cc2c1CN(C1CCC(=O)NC1=O)C2=O,0.925,
cand_646,Cc1ccc(-c2ccc(N3CCNCC3)cc2)c2c1CN(C1CCC(=O)NC1=O)C2=O,0.955,
cand_647,NC(=O)c1ccc(Cl)c2c1C(=O)N(C1CCC(=O)NC1=O)C2,0.895,
cand_648,CN(C)c1cc2c(c(C(F)(F)F)c1)C(=O)N(C1CCC(=O)NC1=O)C2=O,0.96,
cand_649,CCc1ccc(C)c2c1C(=O)N(C1CCC(=O)NC1=O)C2=O,0.825,
cand_650,CCc1cc2c(cc1I)C(=O)N(C1CCC(=O)NC1=O)C2=O,0.945,
cand_651,O=C1CCC(N2Cc3c(Cl)ccc(Cl)c3C2=O)C(=O)N1,0.93,
cand_652,NS(=O)(=O)c1ccc(F)c2c1C(=O)N(C1CCC(=O)NC1=O)C2=O,0.885,
cand_653,CN(C)c1c([N+](=O)[O-])ccc2c1CN(C1CCC(=O)NC1=O)C2=O,0.92,
cand_654,CN(C)c1cc2c(cc1N)C(=O)N(C1CCC(=O)NC1=O)C2=O,0.945,
cand_655,Nc1cc2c(cc1-c1ccc(N3CCNCC3)cc1)C(=O)N(C1CCC(=O)NC1=O)C2,0.965,
cand_656,Cc1c([N+](=O)[O-])ccc2c1C(=O)N(C1CCC(=O)NC1=O)C2=O,0.905,
cand_657,O=C1CCC(N2Cc3ccc([N+](=O)[O-])c([N+](=O)[O-])c3C2=O)C(=O)N1,0.905,
cand_658,O=C1CCC(N2C(=O)c3ccc(I)c(Br)c3C2=O)C(=O)N1,0.95,
cand_659,CCc1cc2c(cc1C(N)=O)C(=O)N(C1CCC(=O)NC1=O)C2,0.905,
cand_660,CNc1ccc2c(c1NC)C(=O)N(C1CCC(=O)NC1=O)C2,0.94,
cand_661,N#Cc1ccc(Br)c2c1C(=O)N(C1CCC(=O)NC1=O)C2,0.93,
cand_662,NS(=O)(=O)c1cc(Cl)cc2c1CN(C1CCC(=O)NC1=O)C2=O,0.93,
cand_663,N#Cc1cc(C#N)c2c(c1)C(=O)N(C1CCC(=O)NC1=O)C2=O,0.94,
cand_664,CCc1cc(CC)c2c(c1)CN(C1CCC(=O)NC1=O)C2=O,0.915,
cand_665,O=C1CCC(N2Cc3cc([N+](=O)[O-])cc(Br)c3C2=O)C(=O)N1,0.89,
cand_666,Nc1cc(Cl)c2c(c1)C(=O)N(C1CCC(=O)NC1=O)C2,0.92,
cand_667,Cc1ccc2c(c1N(C)C)C(=O)N(C1CCC(=O)NC1=O)C2=O,0.9,
cand_668,CNc1ccc2c(c1S(N)(=O)=O)C(=O)N(C1CCC(=O)NC1=O)C2=O,0.96,
cand_669,N#Cc1cc(Br)c2c(c1)C(=O)N(C1CCC(=O)NC1=O)C2,0.91,
cand_670,O=C1CCC(N2Cc3c(Cl)ccc(C(=O)O)c3C2=O)C(=O)N1,0.92,
cand_671,NS(=O)(=O)c1cc(Br)cc2c1C(=O)N(C1CCC(=O)NC1=O)C2,0.93,
cand_672,Cc1cc2c(cc1-c1ccc(N3CCNCC3)cc1)C(=O)N(C1CCC(=O)NC1=O)C2,0.99,
cand_673,COc1cc2c(c([N+](=O)[O-])c1)CN(C1CCC(=O)NC1=O)C2=O,0.88,
cand_674,N#Cc1c(F)ccc2c1C(=O)N(C1CCC(=O)NC1=O)C2=O,0.94,
cand_675,CCc1cc2c(cc1C)C(=O)N(C1CCC(=O)NC1=O)C2=O,0.945,
cand_676,CCc1cc2c(cc1C(=O)O)C(=O)N(C1CCC(=O)NC1=O)C2=O,0.915,
cand_677,Cc1cc(O)c2c(c1)CN(C1CCC(=O)NC1=O)C2=O,0.925,
cand_678,NC(=O)c1cc(O)cc2c1C(=O)N(C1CCC(=O)NC1=O)C2=O,0.945,
cand_679,O=C1CCC(N2Cc3ccc(-c4ccc(N5CCNCC5)cc4)c(C(=O)O)c3C2=O)C(=O)N1,0.975,
cand_680,O=C1CCC(N2Cc3ccc(I)c(Br)c3C2=O)C(=O)N1,0.915,
cand_681,CNc1cc(O)cc2c1CN(C1CCC(=O)NC1=O)C2=O,0.915,
cand_682,NC(=O)c1ccc2c(c1O)C(=O)N(C1CCC(=O)NC1=O)C2,0.935,
cand_683,COc1ccc(Cl)c2c1C(=O)N(C1CCC(=O)NC1=O)C2,0.91,
cand_684,CCc1cc2c(cc1C(F)(F)F)CN(C1CCC(=O)NC1=O)C2=O,0.96,
cand_685,CN(C)c1c(I)ccc2c1CN(C1CCC(=O)NC1=O)C2=O,0.96,
cand_686,CNc1cc(S(N)(=O)=O)cc2c1C(=O)N(C1CCC(=O)NC1=O)C2,0.925,
cand_687,CN(C)c1cc2c(cc1N)CN(C1CCC(=O)NC1=O)C2=O,0.915,
cand_688,NS(=O)(=O)c1ccc(I)c2c1C(=O)N(C1CCC(=O)NC1=O)C2,0.92,
cand_689,Cc1ccc2c(c1O)CN(C1CCC(=O)NC1=O)C2=O,0.96,
cand_690,CNc1ccc2c(c1I)C(=O)N(C1CCC(=O)NC1=O)C2=O,0.975,
cand_691,O=C1CCC(N2C(=O)c3cc(C(=O)O)c(-c4ccc(N5CCNCC5)cc4)cc3C2=O)C(=O)N1,0.98,
cand_692,CCc1cc2c(cc1I)C(=O)N(C1CCC(=O)NC1=O)C2,0.935,
cand_693,CN(C)c1cc2c(cc1I)C(=O)N(C1CCC(=O)NC1=O)C2=O,0.97,
cand_694,CNc1ccc2c(c1C)C(=O)N(C1CCC(=O)NC1=O)C2,0.935,
cand_695,Nc1ccc([N+](=O)[O-])c2c1CN(C1CCC(=O)NC1=O)C2=O,0.85,
cand_696,O=C1CCC(N2C(=O)c3cc(O)c(Cl)cc3C2=O)C(=O)N1,0.98,
cand_697,O=C1CCC(N2Cc3cc(F)cc(O)c3C2=O)C(=O)N1,0.93,
cand_698,Nc1cc2c(cc1O)C(=O)N(C1CCC(=O)NC1=O)C2=O,0.98,
cand_699,Cc1cc(N)c2c(c1)CN(C1CCC(=O)NC1=O)C2=O,0.91,
cand_700,O=C1CCC(N2C(=O)c3cc(F)c(C(F)(F)F)cc3C2=O)C(=O)N1,0.92,
cand_701,NC(=O)c1cc(O)c2c(c1)C(=O)N(C1CCC(=O)NC1=O)C2=O,0.93,
cand_702,CCc1ccc(C(=O)O)c2c1CN(C1CCC(=O)NC1=O)C2=O,0.83,
cand_703,CNc1cc(C(N)=O)c2c(c1)C(=O)N(C1CCC(=O)NC1=O)C2=O,0.93,
cand_704,O=C1CCC(N2Cc3c(ccc([N+](=O)[O-])c3Br)C2=O)C(=O)N1,0.935,
cand_705,O=C1CCC(N2Cc3cc(I)c(Cl)cc3C2=O)C(=O)N1,0.935,
cand_706,CN(C)c1cc2c(cc1C(F)(F)F)CN(C1CCC(=O)NC1=O)C2=O,0.985,
cand_707,O=C1CCC(N2C(=O)c3c(Br)ccc([N+](=O)[O-])c3C2=O)C(=O)N1,0.88,
cand_708,N#Cc1ccc2c(c1-c1ccc(N3CCNCC3)cc1)C(=O)N(C1CCC(=O)NC1=O)C2=O,0.965,
cand_709,O=C1CCC(N2Cc3c(O)ccc([N+](=O)[O-])c3C2=O)C(=O)N1,0.865,
cand_710,Nc1cc2c(cc1N)C(=O)N(C1CCC(=O)NC1=O)C2=O,0.98,
cand_711,CCc1cc(C(F)(F)F)cc2c1CN(C1CCC(=O)NC1=O)C2=O,0.92,
cand_712,CN(C)c1cc2c(cc1C(N)=O)C(=O)N(C1CCC(=O)NC1=O)C2,0.96,
cand_713,O=C1CCC(N2C(=O)c3ccc(O)c(Cl)c3C2=O)C(=O)N1,1.0,
cand_714,CNc1ccc2c(c1F)C(=O)N(C1CCC(=O)NC1=O)C2=O,0.96,
cand_715,CNc1cc2c(c(N(C)C)c1)C(=O)N(C1CCC(=O)NC1=O)C2,0.935,
cand_716,NS(=O)(=O)c1cc(O)cc2c1C(=O)N(C1CCC(=O)NC1=O)C2=O,0.965,
cand_717,CNc1cc(C(N)=O)cc2c1C(=O)N(C1CCC(=O)NC1=O)C2=O,0.92,
cand_718,N#Cc1cc2c(cc1I)CN(C1CCC(=O)NC1=O)C2=O,0.955,
cand_719,O=C1CCC(N2Cc3cc(C(F)(F)F)cc(F)c3C2=O)C(=O)N1,0.925,
cand_720,CNc1cc(I)cc2c1C(=O)N(C1CCC(=O)NC1=O)C2=O,0.96,
cand_721,NC(=O)c1cc2c(cc1F)C(=O)N(C1CCC(=O)NC1=O)C2=O,0.925,
cand_722,Cc1cc2c(cc1C(N)=O)CN(C1CCC(=O)NC1=O)C2=O,0.89,
cand_723,CN(C)c1cc(O)cc2c1CN(C1CCC(=O)NC1=O)C2=O,0.93,
cand_724,O=C1CCC(N2Cc3ccc(C(F)(F)F)c(C(F)(F)F)c3C2=O)C(=O)N1,0.925,
cand_725,CCc1cc2c(cc1C#N)CN(C1CCC(=O)NC1=O)C2=O,0.945,
cand_726,CCc1ccc(Cl)c2c1CN(C1CCC(=O)NC1=O)C2=O,0.82,
cand_727,O=C1CCC(N2Cc3cc(-c4ccc(N5CCNCC5)cc4)c(Br)cc3C2=O)C(=O)N1,1.0,
cand_728,N#Cc1cc2c(c([N+](=O)[O-])c1)C(=O)N(C1CCC(=O)NC1=O)C2,0.87,
cand_729,COc1c(-c2ccc(N3CCNCC3)cc2)ccc2c1C(=O)N(C1CCC(=O)NC1=O)C2=O,0.955,
cand_730,N#Cc1ccc2c(c1O)C(=O)N(C1CCC(=O)NC1=O)C2=O,0.955,
cand_731,CCc1ccc(Br)c2c1C(=O)N(C1CCC(=O)NC1=O)C2=O,0.855,
cand_732,NC(=O)c1cc2c(cc1N)C(=O)N(C1CCC(=O)NC1=O)C2,0.895,
cand_733,O=C1CCC(N2Cc3cc(F)c(Br)cc3C2=O)C(=O)N1,0.985,
cand_734,Nc1cc(C(=O)O)c2c(c1)C(=O)N(C1CCC(=O)NC1=O)C2=O,0.92,
cand_735,CCc1cc(C(=O)O)c2c(c1)C(=O)N(C1CCC(=O)NC1=O)C2,0.93,
cand_736,CNc1ccc2c(c1-c1ccc(N3CCNCC3)cc1)C(=O)N(C1CCC(=O)NC1=O)C2,0.95,
cand_737,O=C1CCC(N2C(=O)c3c(F)ccc(C(F)(F)F)c3C2=O)C(=O)N1,0.87,
cand_738,NC(=O)c1cc(F)cc2c1C(=O)N(C1CCC(=O)NC1=O)C2=O,0.925,
cand_739,Nc1ccc2c(c1C(F)(F)F)CN(C1CCC(=O)NC1=O)C2=O,0.98,
cand_740,CNc1ccc(O)c2c1C(=O)N(C1CCC(=O)NC1=O)C2=O,0.91,
cand_741,Nc1ccc2c(c1I)CN(C1CCC(=O)NC1=O)C2=O,0.975,
cand_742,CN(C)c1cc(O)c2c(c1)C(=O)N(C1CCC(=O)NC1=O)C2=O,0.985,
cand_743,CN(C)c1ccc2c(c1C#N)C(=O)N(C1CCC(=O)NC1=O)C2,0.94,
cand_744,O=C1CCC(N2C(=O)c3cc(C(=O)O)cc([N+](=O)[O-])c3C2=O)C(=O)N1,0.885,
cand_745,O=C1CCC(N2Cc3c(cc(I)cc3[N+](=O)[O-])C2=O)C(=O)N1,0.845,
cand_746,Nc1ccc2c(c1O)C(=O)N(C1CCC(=O)NC1=O)C2=O,0.985,
cand_747,Nc1ccc(F)c2c1C(=O)N(C1CCC(=O)NC1=O)C2=O,0.89,
cand_748,CNc1ccc(I)c2c1C(=O)N(C1CCC(=O)NC1=O)C2,0.915,
cand_749,O=C1CCC(N2Cc3c(C(=O)O)cc(Cl)cc3C2=O)C(=O)N1,0.94,
cand_750,O=C1CCC(N2C(=O)c3cc(Cl)cc(Br)c3C2=O)C(=O)N1,0.985,
cand_751,NC(=O)c1cc2c(cc1C(F)(F)F)C(=O)N(C1CCC(=O)NC1=O)C2,0.845,
cand_752,Cc1cc2c(cc1C(=O)O)CN(C1CCC(=O)NC1=O)C2=O,0.92,
cand_753,CNc1cc(S(N)(=O)=O)cc2c1CN(C1CCC(=O)NC1=O)C2=O,0.905,
cand_754,NS(=O)(=O)c1cc(O)cc2c1CN(C1CCC(=O)NC1=O)C2=O,0.92,
cand_755,N#Cc1cc(C(N)=O)cc2c1C(=O)N(C1CCC(=O)NC1=O)C2=O,0.895,
cand_756,CNc1ccc(-c2ccc(N3CCNCC3)cc2)c2c1C(=O)N(C1CCC(=O)NC1=O)C2=O,0.96,
cand_757,N#Cc1ccc2c(c1Cl)C(=O)N(C1CCC(=O)NC1=O)C2=O,0.955,
cand_758,NC(=O)c1ccc2c(c1Cl)CN(C1CCC(=O)NC1=O)C2=O,0.98,
cand_759,O=C1CCC(N2C(=O)c3c(Cl)ccc(C(=O)O)c3C2=O)C(=O)N1,0.905,
cand_760,O=C1CCC(N2C(=O)c3cc(C(F)(F)F)cc(O)c3C2=O)C(=O)N1,0.91,
cand_761,Cc1cc2c(c(-c3ccc(N4CCNCC4)cc3)c1)C(=O)N(C1CCC(=O)NC1=O)C2=O,0.97,
cand_762,COc1cc(Cl)c2c(c1)C(=O)N(C1CCC(=O)NC1=O)C2=O,0.975,
cand_763,N#Cc1ccc(O)c2c1CN(C1CCC(=O)NC1=O)C2=O,0.925,
cand_764,CN(C)c1cc(F)c2c(c1)C(=O)N(C1CCC(=O)NC1=O)C2=O,0.95,
cand_765,CNc1cc2c(cc1C(N)=O)CN(C1CCC(=O)NC1=O)C2=O,0.875,
cand_766,N#Cc1cc2c(cc1I)C(=O)N(C1CCC(=O)NC1=O)C2=O,0.925,
cand_767,Cc1cc(C(F)(F)F)cc2c1C(=O)N(C1CCC(=O)NC1=O)C2=O,0.94,
cand_768,CN(C)c1cc(C(F)(F)F)cc2c1C(=O)N(C1CCC(=O)NC1=O)C2,0.925,
cand_769,Cc1cc2c(c([N+](=O)[O-])c1)C(=O)N(C1CCC(=O)NC1=O)C2,0.865,
cand_770,N#Cc1c(N)ccc2c1C(=O)N(C1CCC(=O)NC1=O)C2=O,0.94,
cand_771,O=C1CCC(N2Cc3cc(C(F)(F)F)c([N+](=O)[O-])cc3C2=O)C(=O)N1,0.885,
cand_772,O=C1CCC(N2Cc3c(ccc(F)c3I)C2=O)C(=O)N1,0.97,
cand_773,Nc1cc(O)c2c(c1)CN(C1CCC(=O)NC1=O)C2=O,0.885,
cand_774,CNc1c(OC)ccc2c1C(=O)N(C1CCC(=O)NC1=O)C2=O,0.985,
cand_775,COc1ccc(Br)c2c1CN(C1CCC(=O)NC1=O)C2=O,0.91,
cand_776,CCc1ccc2c(c1-c1ccc(N3CCNCC3)cc1)CN(C1CCC(=O)NC1=O)C2=O,0.915,
cand_777,CNc1ccc(Cl)c2c1C(=O)N(C1CCC(=O)NC1=O)C2=O,0.915,
cand_778,Nc1cc2c(cc1I)CN(C1CCC(=O)NC1=O)C2=O,0.965,
cand_779,O=C1CCC(N2C(=O)c3cc(Br)cc(-c4ccc(N5CCNCC5)cc4)c3C2=O)C(=O)N1,0.995,
cand_780,CNc1cc2c(cc1C(F)(F)F)CN(C1CCC(=O)NC1=O)C2=O,0.945,
cand_781,NS(=O)(=O)c1cc2c(c(C(F)(F)F)c1)C(=O)N(C1CCC(=O)NC1=O)C2,0.915,
cand_782,Cc1cc(Br)cc2c1C(=O)N(C1CCC(=O)NC1=O)C2=O,0.95,
cand_783,O=C1CCC(N2Cc3cc(C(F)(F)F)cc([N+](=O)[O-])c3C2=O)C(=O)N1,0.875,
cand_784,Cc1cc(C#N)c2c(c1)CN(C1CCC(=O)NC1=O)C2=O,0.915,
cand_785,O=C1CCC(N2Cc3cc(F)c(I)cc3C2=O)C(=O)N1,0.97,
cand_786,CN(C)c1cc(N)cc2c1C(=O)N(C1CCC(=O)NC1=O)C2,0.92,
cand_787,CNc1cc(C#N)c2c(c1)CN(C1CCC(=O)NC1=O)C2=O,0.92,
cand_788,O=C1CCC(N2C(=O)c3cc(I)cc(C(=O)O)c3C2=O)C(=O)N1,0.96,
cand_789,Cc1c(N)ccc2c1C(=O)N(C1CCC(=O)NC1=O)C2,0.865,
cand_790,O=C1CCC(N2Cc3ccc(C(=O)O)c(O)c3C2=O)C(=O)N1,0.955,
cand_791,NS(=O)(=O)c1c(C(F)(F)F)ccc2c1C(=O)N(C1CCC(=O)NC1=O)C2,0.905,
cand_792,CN(C)c1c(S(N)(=O)=O)ccc2c1CN(C1CCC(=O)NC1=O)C2=O,0.965,
cand_793,CN(C)c1cc(I)cc2c1CN(C1CCC(=O)NC1=O)C2=O,0.935,
cand_794,Nc1cc2c(cc1-c1ccc(N3CCNCC3)cc1)C(=O)N(C1CCC(=O)NC1=O)C2=O,0.995,
cand_795,CN(C)c1ccc2c(c1-c1ccc(N3CCNCC3)cc1)C(=O)N(C1CCC(=O)NC1=O)C2=O,0.98,
cand_796,CNc1cc(C(F)(F)F)cc2c1CN(C1CCC(=O)NC1=O)C2=O,0.93,
cand_797,O=C1CCC(N2Cc3cc(O)cc(F)c3C2=O)C(=O)N1,0.92,
cand_798,CN(C)c1cc2c(c(C(=O)O)c1)C(=O)N(C1CCC(=O)NC1=O)C2,0.92,
cand_799,O=C1CCC(N2C(=O)c3cc(Cl)c(-c4ccc(N5CCNCC5)cc4)cc3C2=O)C(=O)N1,0.995,
cand_800,O=C1CCC(N2C(=O)c3cc(Cl)cc(F)c3C2=O)C(=O)N1,0.945,
cand_801,CNc1ccc(Br)c2c1CN(C1CCC(=O)NC1=O)C2=O,0.885,
cand_802,COc1ccc(Cl)c2c1C(=O)N(C1CCC(=O)NC1=O)C2=O,0.945,
cand_803,CNc1cc2c(cc1C#N)C(=O)N(C1CCC(=O)NC1=O)C2=O,0.895,
cand_804,NC(=O)c1ccc(-c2ccc(N3CCNCC3)cc2)c2c1C(=O)N(C1CCC(=O)NC1=O)C2=O,0.96,
cand_805,Nc1cc2c(c(C(=O)O)c1)C(=O)N(C1CCC(=O)NC1=O)C2,0.915,
cand_806,CCc1cc(C(F)(F)F)cc2c1C(=O)N(C1CCC(=O)NC1=O)C2,0.885,
cand_807,N#Cc1cc2c(cc1-c1ccc(N3CCNCC3)cc1)C(=O)N(C1CCC(=O)NC1=O)C2,0.99,
cand_808,CN(C)c1cc2c(cc1-c1ccc(N3CCNCC3)cc1)C(=O)N(C1CCC(=O)NC1=O)C2=O,1.0,
cand_809,O=C1CCC(N2Cc3cc(Cl)cc(Br)c3C2=O)C(=O)N1,0.94,
cand_810,Cc1cc2c(cc1F)C(=O)N(C1CCC(=O)NC1=O)C2=O,0.945,
cand_811,O=C1CCC(N2Cc3cc(I)cc(Cl)c3C2=O)C(=O)N1,0.95,
cand_812,NC(=O)c1c(S(N)(=O)=O)ccc2c1C(=O)N(C1CCC(=O)NC1=O)C2,0.94,
cand_813,NS(=O)(=O)c1cc(O)c2c(c1)C(=O)N(C1CCC(=O)NC1=O)C2,0.925,
cand_814,CCc1c(Cl)ccc2c1C(=O)N(C1CCC(=O)NC1=O)C2=O,0.95,
cand_815,Nc1cc(F)cc2c1C(=O)N(C1CCC(=O)NC1=O)C2=O,0.945,
cand_816,NC(=O)c1cc2c(cc1C(F)(F)F)CN(C1CCC(=O)NC1=O)C2=O,0.945,
cand_817,CN(C)c1ccc2c(c1I)C(=O)N(C1CCC(=O)NC1=O)C2=O,0.98,
cand_818,CN(C)c1ccc2c(c1N(C)C)C(=O)N(C1CCC(=O)NC1=O)C2=O,0.995,
cand_819,NC(=O)c1cc2c(c(C(F)(F)F)c1)C(=O)N(C1CCC(=O)NC1=O)C2=O,0.905,
cand_820,CCc1cc(C(N)=O)cc2c1C(=O)N(C1CCC(=O)NC1=O)C2,0.87,
cand_821,COc1cc(N)cc2c1C(=O)N(C1CCC(=O)NC1=O)C2=O,0.95,
cand_822,Cc1c(O)ccc2c1C(=O)N(C1CCC(=O)NC1=O)C2=O,0.98,
cand_823,N#Cc1cc2c(cc1I)C(=O)N(C1CCC(=O)NC1=O)C2,0.955,
cand_824,NC(=O)c1cc2c(cc1S(N)(=O)=O)C(=O)N(C1CCC(=O)NC1=O)C2=O,0.93,
cand_825,CCc1cc(C#N)c2c(c1)C(=O)N(C1CCC(=O)NC1=O)C2=O,0.91,
cand_826,N#Cc1cc(I)c2c(c1)CN(C1CCC(=O)NC1=O)C2=O,0.9,
cand_827,O=C1CCC(N2Cc3cc(O)c(Cl)cc3C2=O)C(=O)N1,0.97,
cand_828,CCc1c(C(=O)O)ccc2c1C(=O)N(C1CCC(=O)NC1=O)C2,0.915,
cand_829,Nc1ccc2c(c1C(=O)O)CN(C1CCC(=O)NC1=O)C2=O,0.975,
cand_830,O=C1CCC(N2C(=O)c3ccc([N+](=O)[O-])c(Br)c3C2=O)C(=O)N1,0.92,
cand_831,CN(C)c1cc(Cl)c2c(c1)C(=O)N(C1CCC(=O)NC1=O)C2,0.92,
cand_832,O=C1CCC(N2Cc3cc(O)cc(C(F)(F)F)c3C2=O)C(=O)N1,0.935,
cand_833,O=C1CCC(N2C(=O)c3cc(O)cc(Cl)c3C2=O)C(=O)N1,0.975,
cand_834,COc1ccc(Br)c2c1C(=O)N(C1CCC(=O)NC1=O)C2,0.92,
cand_835,Cc1c(C(=O)O)ccc2c1C(=O)N(C1CCC(=O)NC1=O)C2=O,0.95,
cand_836,CCc1c(S(N)(=O)=O)ccc2c1C(=O)N(C1CCC(=O)NC1=O)C2=O,0.945,
cand_837,CNc1cc2c(cc1-c1ccc(N3CCNCC3)cc1)C(=O)N(C1CCC(=O)NC1=O)C2,0.995,
cand_838,O=C1CCC(N2Cc3ccc(Br)c(-c4ccc(N5CCNCC5)cc4)c3C2=O)C(=O)N1,0.97,
cand_839,Nc1c(O)ccc2c1C(=O)N(C1CCC(=O)NC1=O)C2,0.94,
cand_840,CNc1c(N(C)C)ccc2c1CN(C1CCC(=O)NC1=O)C2=O,0.975,
cand_841,O=C1CCC(N2Cc3c(ccc(I)c3-c3ccc(N4CCNCC4)cc3)C2=O)C(=O)N1,0.985,
cand_842,O=C1CCC(N2Cc3c(ccc(C(F)(F)F)c3-c3ccc(N4CCNCC4)cc3)C2=O)C(=O)N1,0.985,
cand_843,O=C1CCC(N2Cc3c(F)ccc(O)c3C2=O)C(=O)N1,0.915,
cand_844,O=C1CCC(N2Cc3c(-c4ccc(N5CCNCC5)cc4)ccc(C(=O)O)c3C2=O)C(=O)N1,0.99,
cand_845,Cc1c(Br)ccc2c1C(=O)N(C1CCC(=O)NC1=O)C2,0.935,
cand_846,NC(=O)c1c(N)ccc2c1C(=O)N(C1CCC(=O)NC1=O)C2=O,0.97,
cand_847,O=C1CCC(N2Cc3c(cc(F)cc3C(F)(F)F)C2=O)C(=O)N1,0.93,
cand_848,Cc1c(C(N)=O)ccc2c1C(=O)N(C1CCC(=O)NC1=O)C2,0.92,
cand_849,CNc1cc(OC)cc2c1C(=O)N(C1CCC(=O)NC1=O)C2=O,0.975,
cand_850,NC(=O)c1c(Br)ccc2c1C(=O)N(C1CCC(=O)NC1=O)C2=O,0.985,
cand_851,NC(=O)c1cc(C(=O)O)c2c(c1)C(=O)N(C1CCC(=O)NC1=O)C2,0.89,
cand_852,NS(=O)(=O)c1cc([N+](=O)[O-])cc2c1CN(C1CCC(=O)NC1=O)C2=O,0.875,
cand_853,O=C1CCC(N2C(=O)c3c(Br)ccc(I)c3C2=O)C(=O)N1,0.92,
cand_854,O=C1CCC(N2C(=O)c3c(F)ccc([N+](=O)[O-])c3C2=O)C(=O)N1,0.855,
cand_855,O=C1CCC(N2C(=O)c3cc(Cl)cc(C(=O)O)c3C2=O)C(=O)N1,0.965,
cand_856,CNc1cc(Br)c2c(c1)CN(C1CCC(=O)NC1=O)C2=O,0.915,
cand_857,Cc1cc(C#N)c2c(c1)C(=O)N(C1CCC(=O)NC1=O)C2=O,0.915,
cand_858,Cc1cc(N(C)C)cc2c1CN(C1CCC(=O)NC1=O)C2=O,0.915,
cand_859,O=C1CCC(N2Cc3c(ccc(C(F)(F)F)c3I)C2=O)C(=O)N1,0.965,
cand_860,CCc1cc(OC)cc2c1C(=O)N(C1CCC(=O)NC1=O)C2,0.9,
cand_861,N#Cc1cc2c(cc1C(=O)O)C(=O)N(C1CCC(=O)NC1=O)C2,0.96,
cand_862,Cc1cc(N(C)C)cc2c1C(=O)N(C1CCC(=O)NC1=O)C2=O,0.96,
cand_863,N#Cc1c(O)ccc2c1C(=O)N(C1CCC(=O)NC1=O)C2=O,0.95,
cand_864,CNc1cc(O)c2c(c1)C(=O)N(C1CCC(=O)NC1=O)C2=O,0.965,
cand_865,NS(=O)(=O)c1cc(C(=O)O)cc2c1C(=O)N(C1CCC(=O)NC1=O)C2,0.905,
cand_866,O=C1CCC(N2C(=O)c3ccc(C(F)(F)F)c(C(F)(F)F)c3C2=O)C(=O)N1,0.935,
cand_867,O=C1CCC(N2Cc3c(C(=O)O)cc(Br)cc3C2=O)C(=O)N1,0.94,
cand_868,COc1ccc(C(N)=O)c2c1C(=O)N(C1CCC(=O)NC1=O)C2,0.895,
cand_869,O=C1CCC(N2C(=O)c3c(O)ccc([N+](=O)[O-])c3C2=O)C(=O)N1,0.875,
cand_870,NS(=O)(=O)c1c(F)ccc2c1C(=O)N(C1CCC(=O)NC1=O)C2=O,0.96,
cand_871,N#Cc1cc(Cl)c2c(c1)CN(C1CCC(=O)NC1=O)C2=O,0.925,
cand_872,N#Cc1c(C(N)=O)ccc2c1CN(C1CCC(=O)NC1=O)C2=O,0.98,
cand_873,COc1ccc(C(N)=O)c2c1CN(C1CCC(=O)NC1=O)C2=O,0.885,
cand_874,N#Cc1cc2c(cc1[N+](=O)[O-])C(=O)N(C1CCC(=O)NC1=O)C2=O,0.885,
cand_875,Nc1ccc(O)c2c1C(=O)N(C1CCC(=O)NC1=O)C2,0.93,
cand_876,N#Cc1cc(F)c2c(c1)CN(C1CCC(=O)NC1=O)C2=O,0.9,
cand_877,CNc1ccc(C(=O)O)c2c1CN(C1CCC(=O)NC1=O)C2=O,0.89,
cand_878,Cc1cc2c(c(C(N)=O)c1)C(=O)N(C1CCC(=O)NC1=O)C2,0.91,
cand_879,O=C1CCC(N2C(=O)c3ccc(C(F)(F)F)c(Br)c3C2=O)C(=O)N1,0.925,
cand_880,CCc1cc(S(N)(=O)=O)cc2c1C(=O)N(C1CCC(=O)NC1=O)C2=O,0.93,
cand_881,CCc1cc2c(c(S(N)(=O)=O)c1)C(=O)N(C1CCC(=O)NC1=O)C2=O,0.925,
cand_882,O=C1CCC(N2Cc3c(cc(F)cc3-c3ccc(N4CCNCC4)cc3)C2=O)C(=O)N1,0.95,
cand_883,CN(C)c1ccc2c(c1C(=O)O)CN(C1CCC(=O)NC1=O)C2=O,0.97,
cand_884,COc1cc2c(c(S(N)(=O)=O)c1)C(=O)N(C1CCC(=O)NC1=O)C2,0.925,
cand_885,CN(C)c1ccc(N)c2c1C(=O)N(C1CCC(=O)NC1=O)C2,0.91,
cand_886,N#Cc1cc2c(cc1O)C(=O)N(C1CCC(=O)NC1=O)C2,0.955,
cand_887,O=C1CCC(N2C(=O)c3ccc(C(F)(F)F)c(C(=O)O)c3C2=O)C(=O)N1,0.905,
cand_888,CNc1cc2c(cc1O)C(=O)N(C1CCC(=O)NC1=O)C2,0.965,
cand_889,Cc1cc2c(cc1C(F)(F)F)C(=O)N(C1CCC(=O)NC1=O)C2=O,0.915,
cand_890,COc1ccc2c(c1O)CN(C1CCC(=O)NC1=O)C2=O,0.965,
cand_891,COc1ccc2c(c1Br)C(=O)N(C1CCC(=O)NC1=O)C2=O,0.985,
cand_892,NC(=O)c1cc(F)c2c(c1)C(=O)N(C1CCC(=O)NC1=O)C2=O,0.895,
cand_893,Cc1c(S(N)(=O)=O)ccc2c1C(=O)N(C1CCC(=O)NC1=O)C2=O,0.96,
cand_894,CNc1cc(N(C)C)cc2c1C(=O)N(C1CCC(=O)NC1=O)C2,0.945,
cand_895,CCc1cc2c(cc1-c1ccc(N3CCNCC3)cc1)C(=O)N(C1CCC(=O)NC1=O)C2,0.97,
cand_896,O=C1CCC(N2Cc3cc(O)cc(O)c3C2=O)C(=O)N1,0.945,
cand_897,Nc1cc2c(cc1[N+](=O)[O-])C(=O)N(C1CCC(=O)NC1=O)C2,0.875,
cand_898,CNc1cc(N(C)C)cc2c1C(=O)N(C1CCC(=O)NC1=O)C2=O,0.975,
cand_899,NS(=O)(=O)c1c([N+](=O)[O-])ccc2c1C(=O)N(C1CCC(=O)NC1=O)C2,0.85,
cand_900,COc1cc(F)c2c(c1)CN(C1CCC(=O)NC1=O)C2=O,0.935,
cand_901,Cc1cc2c(cc1S(N)(=O)=O)C(=O)N(C1CCC(=O)NC1=O)C2=O,0.935,
cand_902,CNc1cc(C(=O)O)c2c(c1)C(=O)N(C1CCC(=O)NC1=O)C2=O,0.94,
cand_903,O=C1CCC(N2C(=O)c3cc(F)cc(C(F)(F)F)c3C2=O)C(=O)N1,0.95,
cand_904,O=C1CCC(N2C(=O)c3cc(-c4ccc(N5CCNCC5)cc4)cc(I)c3C2=O)C(=O)N1,0.925,
cand_905,NS(=O)(=O)c1cc2c(c(S(N)(=O)=O)c1)C(=O)N(C1CCC(=O)NC1=O)C2=O,0.96,
cand_906,O=C1CCC(N2C(=O)c3cc(O)cc([N+](=O)[O-])c3C2=O)C(=O)N1,0.9,
cand_907,CCc1ccc(F)c2c1C(=O)N(C1CCC(=O)NC1=O)C2=O,0.825,
cand_908,Cc1c(N)ccc2c1CN(C1CCC(=O)NC1=O)C2=O,0.895,
cand_909,NC(=O)c1c([N+](=O)[O-])ccc2c1C(=O)N(C1CCC(=O)NC1=O)C2,0.885,
cand_910,O=C1CCC(N2C(=O)c3cc(I)cc(O)c3C2=O)C(=O)N1,0.985,
cand_911,O=C1CCC(N2Cc3cc(F)c([N+](=O)[O-])cc3C2=O)C(=O)N1,0.925,
cand_912,O=C1CCC(N2Cc3c(ccc(I)c3F)C2=O)C(=O)N1,0.975,
cand_913,N#Cc1ccc(F)c2c1CN(C1CCC(=O)NC1=O)C2=O,0.92,
cand_914,CNc1c(I)ccc2c1C(=O)N(C1CCC(=O)NC1=O)C2,0.905,
cand_915,CCc1ccc2c(c1N(C)C)CN(C1CCC(=O)NC1=O)C2=O,0.89,
cand_916,CN(C)c1ccc2c(c1N(C)C)C(=O)N(C1CCC(=O)NC1=O)C2,0.945,
cand_917,O=C1CCC(N2C(=O)c3c(O)ccc(C(=O)O)c3C2=O)C(=O)N1,0.91,
cand_918,NC(=O)c1cc(C(F)(F)F)cc2c1CN(C1CCC(=O)NC1=O)C2=O,0.92,
cand_919,CCc1ccc2c(c1S(N)(=O)=O)C(=O)N(C1CCC(=O)NC1=O)C2=O,0.885,
cand_920,Cc1ccc2c(c1C(F)(F)F)C(=O)N(C1CCC(=O)NC1=O)C2=O,0.94,
cand_921,O=C1CCC(N2C(=O)c3cc(O)cc(I)c3C2=O)C(=O)N1,0.96,
cand_922,COc1cc(Br)cc2c1C(=O)N(C1CCC(=O)NC1=O)C2=O,0.915,
cand_923,CCc1ccc(NC)c2c1C(=O)N(C1CCC(=O)NC1=O)C2=O,0.835,
cand_924,CNc1cc2c(c(-c3ccc(N4CCNCC4)cc3)c1)CN(C1CCC(=O)NC1=O)C2=O,0.945,
cand_925,O=C1CCC(N2Cc3c(I)ccc(I)c3C2=O)C(=O)N1,0.925,
cand_926,O=C1CCC(N2Cc3c(O)ccc(F)c3C2=O)C(=O)N1,0.92,
cand_927,O=C1CCC(N2C(=O)c3cc(C(F)(F)F)cc(C(F)(F)F)c3C2=O)C(=O)N1,0.94,
cand_928,N#Cc1c(-c2ccc(N3CCNCC3)cc2)ccc2c1C(=O)N(C1CCC(=O)NC1=O)C2=O,0.945,
cand_929,NC(=O)c1cc(-c2ccc(N3CCNCC3)cc2)cc2c1C(=O)N(C1CCC(=O)NC1=O)C2=O,0.91,
cand_930,COc1c(C(F)(F)F)ccc2c1C(=O)N(C1CCC(=O)NC1=O)C2,0.86,
cand_931,NC(=O)c1cc(Br)cc2c1C(=O)N(C1CCC(=O)NC1=O)C2,0.91,
cand_932,COc1cc(OC)c2c(c1)C(=O)N(C1CCC(=O)NC1=O)C2=O,0.98,
cand_933,Nc1cc(C(=O)O)cc2c1C(=O)N(C1CCC(=O)NC1=O)C2=O,0.935,
cand_934,N#Cc1cc2c(c(-c3ccc(N4CCNCC4)cc3)c1)C(=O)N(C1CCC(=O)NC1=O)C2=O,0.965,
cand_935,CCc1cc2c(cc1C)CN(C1CCC(=O)NC1=O)C2=O,0.945,
cand_936,CNc1cc2c(c(C(=O)O)c1)C(=O)N(C1CCC(=O)NC1=O)C2,0.915,
cand_937,O=C1CCC(N2C(=O)c3cc(O)cc(F)c3C2=O)C(=O)N1,0.94,
cand_938,CN(C)c1cc(O)cc2c1C(=O)N(C1CCC(=O)NC1=O)C2,0.94,
cand_939,CCc1c(C(F)(F)F)ccc2c1C(=O)N(C1CCC(=O)NC1=O)C2=O,0.915,
cand_940,O=C1CCC(N2Cc3c(Br)cc([N+](=O)[O-])cc3C2=O)C(=O)N1,0.89,
cand_941,Nc1cc([N+](=O)[O-])cc2c1C(=O)N(C1CCC(=O)NC1=O)C2,0.885,
cand_942,N#Cc1ccc2c(c1C(=O)O)C(=O)N(C1CCC(=O)NC1=O)C2,0.95,
cand_943,O=C1CCC(N2C(=O)c3ccc(Cl)c(-c4ccc(N5CCNCC5)cc4)c3C2=O)C(=O)N1,0.99,
cand_944,COc1cc2c(cc1C(N)=O)C(=O)N(C1CCC(=O)NC1=O)C2=O,0.95,
cand_945,COc1cc2c(cc1I)CN(C1CCC(=O)NC1=O)C2=O,0.945,
cand_946,Nc1cc2c(cc1S(N)(=O)=O)CN(C1CCC(=O)NC1=O)C2=O,0.97,
cand_947,O=C1CCC(N2C(=O)c3ccc([N+](=O)[O-])c(Cl)c3C2=O)C(=O)N1,0.92,
cand_948,Cc1ccc(O)c2c1C(=O)N(C1CCC(=O)NC1=O)C2,0.885,
cand_949,NS(=O)(=O)c1ccc(Br)c2c1C(=O)N(C1CCC(=O)NC1=O)C2,0.925,
cand_950,CCc1cc(NC)cc2c1C(=O)N(C1CCC(=O)NC1=O)C2,0.895,
cand_951,NC(=O)c1cc(C(=O)O)cc2c1C(=O)N(C1CCC(=O)NC1=O)C2=O,0.935,
cand_952,Cc1ccc(N(C)C)c2c1CN(C1CCC(=O)NC1=O)C2=O,0.92,
cand_953,CN(C)c1cc2c(cc1C(=O)O)CN(C1CCC(=O)NC1=O)C2=O,0.92,
cand_954,O=C1CCC(N2Cc3cc(O)cc([N+](=O)[O-])c3C2=O)C(=O)N1,0.88,
cand_955,O=C1CCC(N2C(=O)c3c(-c4ccc(N5CCNCC5)cc4)ccc(-c4ccc(N5CCNCC5)cc4)c3C2=O)C(=O)N1,0.98,
cand_956,CCc1ccc2c(c1I)C(=O)N(C1CCC(=O)NC1=O)C2,0.83,
cand_957,COc1cc2c(cc1C#N)C(=O)N(C1CCC(=O)NC1=O)C2=O,0.955,
cand_958,CNc1c(C)ccc2c1C(=O)N(C1CCC(=O)NC1=O)C2,0.925,
cand_959,O=C1CCC(N2C(=O)c3ccc(I)c(F)c3C2=O)C(=O)N1,0.95,
cand_960,Nc1c(Br)ccc2c1C(=O)N(C1CCC(=O)NC1=O)C2=O,0.975,
cand_961,O=C1CCC(N2Cc3ccc(I)c(I)c3C2=O)C(=O)N1,0.95,
cand_962,CCc1ccc(C(N)=O)c2c1C(=O)N(C1CCC(=O)NC1=O)C2=O,0.83,
cand_963,CNc1cc(C)cc2c1C(=O)N(C1CCC(=O)NC1=O)C2,0.925,
cand_964,COc1cc2c(cc1F)CN(C1CCC(=O)NC1=O)C2=O,0.985,
cand_965,CNc1cc2c(cc1C(F)(F)F)C(=O)N(C1CCC(=O)NC1=O)C2,0.925,
cand_966,O=C1CCC(N2Cc3c(ccc(O)c3Cl)C2=O)C(=O)N1,0.99,
cand_967,Cc1c(O)ccc2c1CN(C1CCC(=O)NC1=O)C2=O,0.97,
cand_968,CNc1cc(C)cc2c1CN(C1CCC(=O)NC1=O)C2=O,0.895,
cand_969,O=C1CCC(N2Cc3c(ccc(Br)c3I)C2=O)C(=O)N1,0.975,
cand_970,Nc1ccc2c(c1I)C(=O)N(C1CCC(=O)NC1=O)C2,0.94,
cand_971,NS(=O)(=O)c1ccc(F)c2c1CN(C1CCC(=O)NC1=O)C2=O,0.915,
cand_972,CNc1cc2c(c(OC)c1)C(=O)N(C1CCC(=O)NC1=O)C2,0.92,
cand_973,CCc1cc2c(cc1CC)C(=O)N(C1CCC(=O)NC1=O)C2,0.95,
cand_974,CN(C)c1ccc([N+](=O)[O-])c2c1CN(C1CCC(=O)NC1=O)C2=O,0.865,
cand_975,COc1ccc2c(c1N)C(=O)N(C1CCC(=O)NC1=O)C2,0.925,
cand_976,CN(C)c1cc2c(cc1C#N)C(=O)N(C1CCC(=O)NC1=O)C2=O,0.945,
cand_977,O=C1CCC(N2C(=O)c3cc(F)cc(I)c3C2=O)C(=O)N1,0.93,
cand_978,Nc1c(-c2ccc(N3CCNCC3)cc2)ccc2c1C(=O)N(C1CCC(=O)NC1=O)C2,0.98,
cand_979,CN(C)c1ccc(C#N)c2c1C(=O)N(C1CCC(=O)NC1=O)C2,0.93,
cand_980,CN(C)c1cc2c(c(C(F)(F)F)c1)CN(C1CCC(=O)NC1=O)C2=O,0.94,
cand_981,O=C1CCC(N2C(=O)c3c(F)ccc(Cl)c3C2=O)C(=O)N1,0.915,
cand_982,COc1cc(C(N)=O)c2c(c1)C(=O)N(C1CCC(=O)NC1=O)C2,0.9,
cand_983,Cc1ccc(N)c2c1C(=O)N(C1CCC(=O)NC1=O)C2=O,0.89,
cand_984,CCc1ccc2c(c1NC)C(=O)N(C1CCC(=O)NC1=O)C2=O,0.895,
cand_985,O=C1CCC(N2Cc3cc([N+](=O)[O-])c(-c4ccc(N5CCNCC5)cc4)cc3C2=O)C(=O)N1,0.93,
cand_986,O=C1CCC(N2C(=O)c3ccc(C(=O)O)c(Br)c3C2=O)C(=O)N1,0.96,
cand_987,O=C1CCC(N2C(=O)c3cc(I)c([N+](=O)[O-])cc3C2=O)C(=O)N1,0.89,
cand_988,CCc1ccc2c(c1C(=O)O)C(=O)N(C1CCC(=O)NC1=O)C2,0.835,
cand_989,O=C1CCC(N2C(=O)c3c(F)ccc(F)c3C2=O)C(=O)N1,0.91,
cand_990,CNc1ccc([N+](=O)[O-])c2c1C(=O)N(C1CCC(=O)NC1=O)C2=O,0.85,
cand_991,CNc1ccc2c(c1C(F)(F)F)CN(C1CCC(=O)NC1=O)C2=O,0.985,
cand_992,COc1ccc2c(c1Cl)C(=O)N(C1CCC(=O)NC1=O)C2,0.95,
cand_993,N#Cc1ccc(S(N)(=O)=O)c2c1C(=O)N(C1CCC(=O)NC1=O)C2=O,0.87,
cand_994,NC(=O)c1ccc2c(c1C(F)(F)F)C(=O)N(C1CCC(=O)NC1=O)C2=O,0.92,
cand_995,CNc1cc2c(cc1N)CN(C1CCC(=O)NC1=O)C2=O,0.905,
cand_996,CN(C)c1ccc2c(c1C#N)CN(C1CCC(=O)NC1=O)C2=O,0.97,
cand_997,CCc1cc([N+](=O)[O-])cc2c1C(=O)N(C1CCC(=O)NC1=O)C2,0.86,
cand_998,COc1cc(C(N)=O)cc2c1C(=O)N(C1CCC(=O)NC1=O)C2,0.88,
cand_999,Cc1cc2c(cc1C#N)C(=O)N(C1CCC(=O)NC1=O)C2=O,0.92,
cand_1000,CN(C)c1cc(S(N)(=O)=O)cc2c1CN(C1CCC(=O)NC1=O)C2=O,0.92,
cand_1001,CNc1cc2c(c(C(F)(F)F)c1)C(=O)N(C1CCC(=O)NC1=O)C2=O,0.95,
cand_1002,COc1cc(Br)c2c(c1)C(=O)N(C1CCC(=O)NC1=O)C2,0.94,
cand_1003,CNc1ccc2c(c1I)C(=O)N(C1CCC(=O)NC1=O)C2,0.935,
cand_1004,Nc1cc(F)c2c(c1)C(=O)N(C1CCC(=O)NC1=O)C2,0.875,
cand_1005,CCc1cc(C)c2c(c1)CN(C1CCC(=O)NC1=O)C2=O,0.925,
cand_1006,NS(=O)(=O)c1cc2c(cc1Br)C(=O)N(C1CCC(=O)NC1=O)C2=O,0.955,
cand_1007,O=C1CCC(N2C(=O)c3ccc(-c4ccc(N5CCNCC5)cc4)c(Cl)c3C2=O)C(=O)N1,0.995,
cand_1008,N#Cc1cc(O)c2c(c1)C(=O)N(C1CCC(=O)NC1=O)C2=O,0.94,
cand_1009,CN(C)c1c(C(F)(F)F)ccc2c1C(=O)N(C1CCC(=O)NC1=O)C2,0.915,
cand_1010,Cc1cc(S(N)(=O)=O)cc2c1C(=O)N(C1CCC(=O)NC1=O)C2,0.915,
cand_1011,O=C1CCC(N2C(=O)c3ccc(Cl)c(C(F)(F)F)c3C2=O)C(=O)N1,0.96,
cand_1012,NS(=O)(=O)c1cc(C(=O)O)c2c(c1)C(=O)N(C1CCC(=O)NC1=O)C2=O,0.94,
cand_1013,Cc1cc(N)cc2c1CN(C1CCC(=O)NC1=O)C2=O,0.895,
cand_1014,CCc1cc(C(=O)O)c2c(c1)C(=O)N(C1CCC(=O)NC1=O)C2=O,0.93,
cand_1015,COc1cc2c(cc1-c1ccc(N3CCNCC3)cc1)CN(C1CCC(=O)NC1=O)C2=O,0.995,
cand_1016,CN(C)c1c(N)ccc2c1C(=O)N(C1CCC(=O)NC1=O)C2,0.91,
cand_1017,NC(=O)c1c(F)ccc2c1CN(C1CCC(=O)NC1=O)C2=O,0.975,
cand_1018,NS(=O)(=O)c1cc(Br)cc2c1C(=O)N(C1CCC(=O)NC1=O)C2=O,0.95,
cand_1019,O=C1CCC(N2C(=O)c3ccc([N+](=O)[O-])c([N+](=O)[O-])c3C2=O)C(=O)N1,0.925,
cand_1020,O=C1CCC(N2Cc3cc(Cl)cc(C(F)(F)F)c3C2=O)C(=O)N1,0.94,
cand_1021,Nc1cc2c(cc1[N+](=O)[O-])CN(C1CCC(=O)NC1=O)C2=O,0.905,
cand_1022,O=C1CCC(N2Cc3ccc(C(F)(F)F)c([N+](=O)[O-])c3C2=O)C(=O)N1,0.875,
cand_1023,Nc1ccc(I)c2c1CN(C1CCC(=O)NC1=O)C2=O,0.895,
cand_1024,CCc1cc(NC)cc2c1CN(C1CCC(=O)NC1=O)C2=O,0.9,
cand_1025,O=C1CCC(N2Cc3cc([N+](=O)[O-])c(F)cc3C2=O)C(=O)N1,0.925,
cand_1026,CNc1cc2c(c(-c3ccc(N4CCNCC4)cc3)c1)C(=O)N(C1CCC(=O)NC1=O)C2=O,0.99,
cand_1027,O=C1CCC(N2C(=O)c3ccc(I)c(I)c3C2=O)C(=O)N1,0.975,
cand_1028,N#Cc1ccc2c(c1I)C(=O)N(C1CCC(=O)NC1=O)C2=O,0.955,
cand_1029,Nc1cc2c(cc1Cl)C(=O)N(C1CCC(=O)NC1=O)C2=O,0.965,
cand_1030,O=C1CCC(N2Cc3c(ccc(-c4ccc(N5CCNCC5)cc4)c3O)C2=O)C(=O)N1,0.995,
cand_1031,CNc1cc(F)c2c(c1)C(=O)N(C1CCC(=O)NC1=O)C2=O,0.93,
cand_1032,CCc1c(N(C)C)ccc2c1C(=O)N(C1CCC(=O)NC1=O)C2=O,0.975,
cand_1033,Cc1c(C(N)=O)ccc2c1CN(C1CCC(=O)NC1=O)C2=O,0.955,
cand_1034,Cc1ccc2c(c1C#N)C(=O)N(C1CCC(=O)NC1=O)C2=O,0.895,
cand_1035,COc1cc2c(cc1C(=O)O)C(=O)N(C1CCC(=O)NC1=O)C2=O,0.96,
cand_1036,COc1ccc2c(c1I)C(=O)N(C1CCC(=O)NC1=O)C2,0.945,
cand_1037,O=C1CCC(N2Cc3ccc(C(=O)O)c(F)c3C2=O)C(=O)N1,0.95,
cand_1038,COc1ccc(C#N)c2c1C(=O)N(C1CCC(=O)NC1=O)C2=O,0.91,
cand_1039,CNc1cc2c(cc1N(C)C)C(=O)N(C1CCC(=O)NC1=O)C2=O,0.94,
cand_1040,CNc1cc(C)c2c(c1)C(=O)N(C1CCC(=O)NC1=O)C2,0.9,
cand_1041,Cc1ccc2c(c1C(=O)O)C(=O)N(C1CCC(=O)NC1=O)C2,0.925,
cand_1042,CCc1ccc(N)c2c1C(=O)N(C1CCC(=O)NC1=O)C2=O,0.835,
cand_1043,NS(=O)(=O)c1ccc(-c2ccc(N3CCNCC3)cc2)c2c1C(=O)N(C1CCC(=O)NC1=O)C2,0.975,
cand_1044,O=C1CCC(N2C(=O)c3c(O)ccc(Br)c3C2=O)C(=O)N1,0.935,
cand_1045,O=C1CCC(N2Cc3cc(-c4ccc(N5CCNCC5)cc4)c(O)cc3C2=O)C(=O)N1,0.995,
cand_1046,N#Cc1ccc(C(=O)O)c2c1C(=O)N(C1CCC(=O)NC1=O)C2=O,0.89,
cand_1047,CCc1ccc2c(c1Cl)C(=O)N(C1CCC(=O)NC1=O)C2=O,0.905,
cand_1048,NS(=O)(=O)c1cc2c(c([N+](=O)[O-])c1)CN(C1CCC(=O)NC1=O)C2=O,0.88,
cand_1049,O=C1CCC(N2C(=O)c3cc(F)c(Cl)cc3C2=O)C(=O)N1,0.965,
cand_1050,NS(=O)(=O)c1cc(I)cc2c1C(=O)N(C1CCC(=O)NC1=O)C2=O,0.96,
cand_1051,CNc1cc2c(cc1-c1ccc(N3CCNCC3)cc1)C(=O)N(C1CCC(=O)NC1=O)C2=O,0.965,
cand_1052,Nc1ccc2c(c1C(=O)O)C(=O)N(C1CCC(=O)NC1=O)C2,0.935,
cand_1053,NC(=O)c1ccc(N)c2c1CN(C1CCC(=O)NC1=O)C2=O,0.915,
cand_1054,CNc1cc(Cl)cc2c1C(=O)N(C1CCC(=O)NC1=O)C2=O,0.975,
cand_1055,CN(C)c1cc(O)c2c(c1)C(=O)N(C1CCC(=O)NC1=O)C2,0.93,
cand_1056,COc1c(O)ccc2c1C(=O)N(C1CCC(=O)NC1=O)C2=O,0.95,
cand_1057,N#Cc1cc2c(cc1O)C(=O)N(C1CCC(=O)NC1=O)C2=O,0.945,
cand_1058,N#Cc1ccc(I)c2c1CN(C1CCC(=O)NC1=O)C2=O,0.91,
cand_1059,Nc1cc([N+](=O)[O-])cc2c1C(=O)N(C1CCC(=O)NC1=O)C2=O,0.91,
cand_1060,O=C1CCC(N2Cc3c(cc(Cl)cc3[N+](=O)[O-])C2=O)C(=O)N1,0.885,
cand_1061,CCc1c(C)ccc2c1CN(C1CCC(=O)NC1=O)C2=O,0.945,
cand_1062,N#Cc1cc(I)cc2c1C(=O)N(C1CCC(=O)NC1=O)C2,0.94,
cand_1063,CN(C)c1ccc(C#N)c2c1CN(C1CCC(=O)NC1=O)C2=O,0.925,
cand_1064,N#Cc1c(O)ccc2c1CN(C1CCC(=O)NC1=O)C2=O,0.98,
cand_1065,O=C1CCC(N2C(=O)c3cc(C(=O)O)cc(O)c3C2=O)C(=O)N1,0.96,
cand_1066,N#Cc1c(-c2ccc(N3CCNCC3)cc2)ccc2c1C(=O)N(C1CCC(=O)NC1=O)C2,0.975,
cand_1067,CCc1c(N)ccc2c1C(=O)N(C1CCC(=O)NC1=O)C2,0.9,
cand_1068,CN(C)c1ccc2c(c1F)CN(C1CCC(=O)NC1=O)C2=O,0.985,
cand_1069,Cc1ccc2c(c1I)CN(C1CCC(=O)NC1=O)C2=O,0.955,
cand_1070,O=C1CCC(N2C(=O)c3c(I)ccc(C(=O)O)c3C2=O)C(=O)N1,0.89,
cand_1071,CCc1cc(-c2ccc(N3CCNCC3)cc2)cc2c1C(=O)N(C1CCC(=O)NC1=O)C2=O,0.925,
cand_1072,O=C1CCC(N2C(=O)c3ccc(C(F)(F)F)c(F)c3C2=O)C(=O)N1,0.92,
cand_1073,NC(=O)c1ccc([N+](=O)[O-])c2c1CN(C1CCC(=O)NC1=O)C2=O,0.855,
cand_1074,O=C1CCC(N2C(=O)c3cc(C(F)(F)F)cc(-c4ccc(N5CCNCC5)cc4)c3C2=O)C(=O)N1,0.975,
cand_1075,CN(C)c1ccc2c(c1[N+](=O)[O-])C(=O)N(C1CCC(=O)NC1=O)C2=O,0.925,
cand_1076,O=C1CCC(N2Cc3ccc(Cl)c(F)c3C2=O)C(=O)N1,0.955,
cand_1077,O=C1CCC(N2C(=O)c3ccc(C(=O)O)c(C(=O)O)c3C2=O)C(=O)N1,0.965,
cand_1078,O=C1CCC(N2C(=O)c3cc(F)cc(-c4ccc(N5CCNCC5)cc4)c3C2=O)C(=O)N1,0.98,
cand_1079,O=C1CCC(N2Cc3c(ccc(C(F)(F)F)c3C(=O)O)C2=O)C(=O)N1,0.97,
cand_1080,O=C1CCC(N2C(=O)c3ccc(C(=O)O)c(I)c3C2=O)C(=O)N1,0.97,
cand_1081,O=C1CCC(N2Cc3c(ccc(C(F)(F)F)c3F)C2=O)C(=O)N1,0.98,
cand_1082,O=C1CCC(N2Cc3c(cc([N+](=O)[O-])cc3-c3ccc(N4CCNCC4)cc3)C2=O)C(=O)N1,0.895,
cand_1083,O=C1CCC(N2C(=O)c3cc(Br)cc(O)c3C2=O)C(=O)N1,0.975,
cand_1084,NC(=O)c1cc2c(c(-c3ccc(N4CCNCC4)cc3)c1)C(=O)N(C1CCC(=O)NC1=O)C2=O,0.95,
cand_1085,Nc1ccc(Cl)c2c1CN(C1CCC(=O)NC1=O)C2=O,0.915,
cand_1086,N#Cc1ccc2c(c1N)C(=O)N(C1CCC(=O)NC1=O)C2,0.915,
cand_1087,CN(C)c1ccc2c(c1-c1ccc(N3CCNCC3)cc1)C(=O)N(C1CCC(=O)NC1=O)C2,0.95,
cand_1088,NS(=O)(=O)c1ccc2c(c1C(F)(F)F)C(=O)N(C1CCC(=O)NC1=O)C2=O,0.94,
cand_1089,COc1c(S(N)(=O)=O)ccc2c1C(=O)N(C1CCC(=O)NC1=O)C2=O,0.93,
cand_1090,Nc1cc2c(c(-c3ccc(N4CCNCC4)cc3)c1)C(=O)N(C1CCC(=O)NC1=O)C2,0.98,
cand_1091,Nc1ccc2c(c1N)C(=O)N(C1CCC(=O)NC1=O)C2,0.945,
cand_1092,O=C1CCC(N2Cc3cc(Cl)cc(-c4ccc(N5CCNCC5)cc4)c3C2=O)C(=O)N1,0.985,
cand_1093,CCc1ccc2c(c1O)CN(C1CCC(=O)NC1=O)C2=O,0.885,
cand_1094,O=C1CCC(N2Cc3c(I)ccc(O)c3C2=O)C(=O)N1,0.925,
cand_1095,O=C1CCC(N2Cc3cc([N+](=O)[O-])c(C(F)(F)F)cc3C2=O)C(=O)N1,0.85,
cand_1096,COc1cc2c(cc1-c1ccc(N3CCNCC3)cc1)C(=O)N(C1CCC(=O)NC1=O)C2=O,0.99,
cand_1097,O=C1CCC(N2Cc3c(C(=O)O)ccc([N+](=O)[O-])c3C2=O)C(=O)N1,0.86,
cand_1098,CCc1cc2c(c(N(C)C)c1)CN(C1CCC(=O)NC1=O)C2=O,0.925,
cand_1099,CNc1ccc(NC)c2c1C(=O)N(C1CCC(=O)NC1=O)C2=O,0.92,
cand_1100,O=C1CCC(N2C(=O)c3ccc(Cl)c(Br)c3C2=O)C(=O)N1,0.97,
cand_1101,Nc1ccc2c(c1Cl)C(=O)N(C1CCC(=O)NC1=O)C2=O,0.975,
cand_1102,COc1ccc2c(c1-c1ccc(N3CCNCC3)cc1)C(=O)N(C1CCC(=O)NC1=O)C2,0.955,
cand_1103,O=C1CCC(N2C(=O)c3cc(I)cc(Br)c3C2=O)C(=O)N1,0.975,
cand_1104,N#Cc1ccc2c(c1C#N)C(=O)N(C1CCC(=O)NC1=O)C2=O,0.905,
cand_1105,NS(=O)(=O)c1cc2c(c(S(N)(=O)=O)c1)C(=O)N(C1CCC(=O)NC1=O)C2,0.93,
cand_1106,Nc1ccc(F)c2c1CN(C1CCC(=O)NC1=O)C2=O,0.9,
cand_1107,Cc1cc(C#N)cc2c1C(=O)N(C1CCC(=O)NC1=O)C2,0.905,
cand_1108,O=C1CCC(N2C(=O)c3ccc(-c4ccc(N5CCNCC5)cc4)c(I)c3C2=O)C(=O)N1,0.995,
cand_1109,N#Cc1cc2c(cc1F)C(=O)N(C1CCC(=O)NC1=O)C2=O,0.92,
cand_1110,CN(C)c1cc(C(=O)O)cc2c1C(=O)N(C1CCC(=O)NC1=O)C2=O,0.96,
cand_1111,O=C1CCC(N2C(=O)c3c(O)ccc(C(F)(F)F)c3C2=O)C(=O)N1,0.87,
cand_1112,Nc1cc2c(cc1C(=O)O)CN(C1CCC(=O)NC1=O)C2=O,0.91,
cand_1113,NS(=O)(=O)c1ccc(Br)c2c1C(=O)N(C1CCC(=O)NC1=O)C2=O,0.915,
cand_1114,O=C1CCC(N2C(=O)c3cc(-c4ccc(N5CCNCC5)cc4)cc(-c4ccc(N5CCNCC5)cc4)c3C2=O)C(=O)N1,0.94,
cand_1115,NC(=O)c1cc2c(cc1I)CN(C1CCC(=O)NC1=O)C2=O,0.95,
cand_1116,CCc1ccc2c(c1NC)C(=O)N(C1CCC(=O)NC1=O)C2,0.83,
cand_1117,CNc1cc2c(cc1OC)C(=O)N(C1CCC(=O)NC1=O)C2=O,0.935,
cand_1118,CNc1c(I)ccc2c1C(=O)N(C1CCC(=O)NC1=O)C2=O,0.925,
cand_1119,CN(C)c1ccc2c(c1S(N)(=O)=O)C(=O)N(C1CCC(=O)NC1=O)C2,0.905,
cand_1120,Nc1ccc(O)c2c1C(=O)N(C1CCC(=O)NC1=O)C2=O,0.92,
cand_1121,Cc1ccc2c(c1O)C(=O)N(C1CCC(=O)NC1=O)C2=O,0.97,
cand_1122,CN(C)c1cc(C#N)cc2c1C(=O)N(C1CCC(=O)NC1=O)C2=O,0.935,
cand_1123,Cc1ccc(F)c2c1CN(C1CCC(=O)NC1=O)C2=O,0.895,
cand_1124,CCc1c(N)ccc2c1CN(C1CCC(=O)NC1=O)C2=O,0.955,
cand_1125,N#Cc1cc2c(c(C(N)=O)c1)C(=O)N(C1CCC(=O)NC1=O)C2,0.9,
cand_1126,CN(C)c1cc(F)c2c(c1)C(=O)N(C1CCC(=O)NC1=O)C2,0.935,
cand_1127,NS(=O)(=O)c1ccc2c(c1Cl)C(=O)N(C1CCC(=O)NC1=O)C2=O,0.965,
cand_1128,NC(=O)c1c(F)ccc2c1C(=O)N(C1CCC(=O)NC1=O)C2=O,0.965,
cand_1129,CNc1ccc2c(c1OC)C(=O)N(C1CCC(=O)NC1=O)C2,0.87,
cand_1130,O=C1CCC(N2Cc3c(I)ccc(Cl)c3C2=O)C(=O)N1,0.93,
cand_1131,NS(=O)(=O)c1c(I)ccc2c1C(=O)N(C1CCC(=O)NC1=O)C2,0.935,
cand_1132,COc1cc(F)cc2c1C(=O)N(C1CCC(=O)NC1=O)C2=O,0.965,
cand_1133,CNc1ccc2c(c1C(=O)O)C(=O)N(C1CCC(=O)NC1=O)C2=O,0.96,
cand_1134,Cc1cc2c(cc1Br)CN(C1CCC(=O)NC1=O)C2=O,0.965,
cand_1135,NS(=O)(=O)c1cc(F)cc2c1CN(C1CCC(=O)NC1=O)C2=O,0.915,
cand_1136,NC(=O)c1c(Br)ccc2c1CN(C1CCC(=O)NC1=O)C2=O,0.98,
cand_1137,CN(C)c1ccc(C(F)(F)F)c2c1C(=O)N(C1CCC(=O)NC1=O)C2=O,0.88,
cand_1138,Cc1ccc(C(=O)O)c2c1CN(C1CCC(=O)NC1=O)C2=O,0.9,
cand_1139,CN(C)c1c(N)ccc2c1C(=O)N(C1CCC(=O)NC1=O)C2=O,0.955,
cand_1140,CNc1c(Cl)ccc2c1C(=O)N(C1CCC(=O)NC1=O)C2,0.94,
cand_1141,CNc1ccc2c(c1C#N)CN(C1CCC(=O)NC1=O)C2=O,0.97,
cand_1142,NC(=O)c1cc2c(cc1Cl)CN(C1CCC(=O)NC1=O)C2=O,0.945,
cand_1143,NC(=O)c1ccc2c(c1Br)C(=O)N(C1CCC(=O)NC1=O)C2=O,0.955,
cand_1144,N#Cc1ccc(Br)c2c1C(=O)N(C1CCC(=O)NC1=O)C2=O,0.905,
cand_1145,NS(=O)(=O)c1c(-c2ccc(N3CCNCC3)cc2)ccc2c1C(=O)N(C1CCC(=O)NC1=O)C2=O,0.99,
cand_1146,NC(=O)c1cc2c(c(-c3ccc(N4CCNCC4)cc3)c1)C(=O)N(C1CCC(=O)NC1=O)C2,0.94,
cand_1147,NS(=O)(=O)c1ccc2c(c1-c1ccc(N3CCNCC3)cc1)C(=O)N(C1CCC(=O)NC1=O)C2=O,0.955,
cand_1148,O=C1CCC(N2C(=O)c3ccc(C(F)(F)F)c(Cl)c3C2=O)C(=O)N1,0.925,
cand_1149,O=C1CCC(N2Cc3c(-c4ccc(N5CCNCC5)cc4)ccc(-c4ccc(N5CCNCC5)cc4)c3C2=O)C(=O)N1,0.99,
cand_1150,N#Cc1cc2c(c(S(N)(=O)=O)c1)CN(C1CCC(=O)NC1=O)C2=O,0.9,
cand_1151,Nc1ccc(I)c2c1C(=O)N(C1CCC(=O)NC1=O)C2=O,0.9,
cand_1152,NS(=O)(=O)c1cc2c(cc1[N+](=O)[O-])CN(C1CCC(=O)NC1=O)C2=O,0.89,
cand_1153,NC(=O)c1c(Br)ccc2c1C(=O)N(C1CCC(=O)NC1=O)C2,0.945,
cand_1154,COc1cc2c(cc1C(N)=O)CN(C1CCC(=O)NC1=O)C2=O,0.905,
cand_1155,O=C1CCC(N2C(=O)c3cc(Br)c(C(F)(F)F)cc3C2=O)C(=O)N1,0.93,
cand_1156,Nc1cc(I)cc2c1C(=O)N(C1CCC(=O)NC1=O)C2=O,0.97,
cand_1157,CNc1ccc2c(c1[N+](=O)[O-])C(=O)N(C1CCC(=O)NC1=O)C2=O,0.905,
cand_1158,CCc1cc(C(=O)O)cc2c1C(=O)N(C1CCC(=O)NC1=O)C2,0.91,
cand_1159,NS(=O)(=O)c1cc(F)cc2c1C(=O)N(C1CCC(=O)NC1=O)C2=O,0.93,
cand_1160,Nc1cc2c(c(C(F)(F)F)c1)C(=O)N(C1CCC(=O)NC1=O)C2=O,0.925,
cand_1161,COc1ccc(C(N)=O)c2c1C(=O)N(C1CCC(=O)NC1=O)C2=O,0.91,
cand_1162,COc1ccc2c(c1Cl)CN(C1CCC(=O)NC1=O)C2=O,0.985,
cand_1163,NS(=O)(=O)c1cc(Cl)c2c(c1)C(=O)N(C1CCC(=O)NC1=O)C2=O,0.955,
cand_1164,N#Cc1c([N+](=O)[O-])ccc2c1C(=O)N(C1CCC(=O)NC1=O)C2=O,0.885,
cand_1165,CN(C)c1cc2c(cc1S(N)(=O)=O)C(=O)N(C1CCC(=O)NC1=O)C2=O,0.945,
cand_1166,Nc1cc(C(F)(F)F)cc2c1C(=O)N(C1CCC(=O)NC1=O)C2,0.905,
cand_1167,CN(C)c1cc(N)cc2c1CN(C1CCC(=O)NC1=O)C2=O,0.915,
cand_1168,O=C1CCC(N2Cc3c(Br)ccc(O)c3C2=O)C(=O)N1,0.935,
cand_1169,CCc1cc([N+](=O)[O-])cc2c1C(=O)N(C1CCC(=O)NC1=O)C2=O,0.895,
cand_1170,Nc1cc2c(cc1-c1ccc(N3CCNCC3)cc1)CN(C1CCC(=O)NC1=O)C2=O,0.995,
cand_1171,O=C1CCC(N2C(=O)c3ccc(F)c(C(=O)O)c3C2=O)C(=O)N1,0.955,
cand_1172,O=C1CCC(N2Cc3c(ccc(F)c3C(F)(F)F)C2=O)C(=O)N1,0.995,
cand_1173,O=C1CCC(N2C(=O)c3c(F)ccc(C(=O)O)c3C2=O)C(=O)N1,0.885,
cand_1174,Cc1cc(F)cc2c1C(=O)N(C1CCC(=O)NC1=O)C2,0.925,
cand_1175,O=C1CCC(N2Cc3c([N+](=O)[O-])ccc(O)c3C2=O)C(=O)N1,0.84,
cand_1176,O=C1CCC(N2Cc3ccc(Br)c(Cl)c3C2=O)C(=O)N1,0.955,
cand_1177,COc1cc(Cl)cc2c1C(=O)N(C1CCC(=O)NC1=O)C2,0.925,
cand_1178,N#Cc1cc2c(cc1C#N)C(=O)N(C1CCC(=O)NC1=O)C2=O,0.945,
cand_1179,NC(=O)c1cc(Cl)cc2c1C(=O)N(C1CCC(=O)NC1=O)C2=O,0.955,
cand_1180,O=C1CCC(N2Cc3cc(-c4ccc(N5CCNCC5)cc4)c([N+](=O)[O-])cc3C2=O)C(=O)N1,0.93,
cand_1181,O=C1CCC(N2Cc3c(ccc(I)c3I)C2=O)C(=O)N1,0.965,
cand_1182,CNc1c(S(N)(=O)=O)ccc2c1C(=O)N(C1CCC(=O)NC1=O)C2=O,0.96,
cand_1183,CCc1c(NC)ccc2c1C(=O)N(C1CCC(=O)NC1=O)C2=O,0.96,
cand_1184,CCc1c(N)ccc2c1C(=O)N(C1CCC(=O)NC1=O)C2=O,0.955,
cand_1185,Nc1cc2c(cc1F)C(=O)N(C1CCC(=O)NC1=O)C2=O,0.945,
cand_1186,COc1ccc2c(c1N)C(=O)N(C1CCC(=O)NC1=O)C2=O,0.97,
cand_1187,O=C1CCC(N2C(=O)c3ccc(Br)c(F)c3C2=O)C(=O)N1,0.96,
cand_1188,CNc1ccc2c(c1Br)C(=O)N(C1CCC(=O)NC1=O)C2=O,0.965,
cand_1189,O=C1CCC(N2C(=O)c3cc(C(=O)O)cc(C(=O)O)c3C2=O)C(=O)N1,0.955,
cand_1190,NC(=O)c1cc2c(cc1C(F)(F)F)C(=O)N(C1CCC(=O)NC1=O)C2=O,0.875,
cand_1191,NC(=O)c1ccc2c(c1I)C(=O)N(C1CCC(=O)NC1=O)C2=O,0.965,
cand_1192,N#Cc1cc2c(cc1Br)C(=O)N(C1CCC(=O)NC1=O)C2=O,0.94,
cand_1193,CCc1ccc2c(c1OC)CN(C1CCC(=O)NC1=O)C2=O,0.815,
cand_1194,O=C1CCC(N2Cc3c(ccc(C(=O)O)c3O)C2=O)C(=O)N1,0.99,
cand_1195,CN(C)c1c(C(F)(F)F)ccc2c1C(=O)N(C1CCC(=O)NC1=O)C2=O,0.935,
cand_1196,COc1ccc(-c2ccc(N3CCNCC3)cc2)c2c1CN(C1CCC(=O)NC1=O)C2=O,0.95,
cand_1197,CN(C)c1cc2c(c(S(N)(=O)=O)c1)C(=O)N(C1CCC(=O)NC1=O)C2,0.885,
cand_1198,CCc1cc(N)c2c(c1)C(=O)N(C1CCC(=O)NC1=O)C2=O,0.93,
cand_1199,Nc1cc2c(cc1Br)C(=O)N(C1CCC(=O)NC1=O)C2,0.95,
cand_1200,CCc1c(C)ccc2c1C(=O)N(C1CCC(=O)NC1=O)C2,0.9,
cand_1201,O=C1CCC(N2C(=O)c3cc(O)c(F)cc3C2=O)C(=O)N1,0.965,
cand_1202,CNc1cc2c(cc1Br)C(=O)N(C1CCC(=O)NC1=O)C2=O,0.93,
cand_1203,CN(C)c1c(O)ccc2c1C(=O)N(C1CCC(=O)NC1=O)C2=O,0.98,
cand_1204,CCc1cc(I)c2c(c1)CN(C1CCC(=O)NC1=O)C2=O,0.915,
cand_1205,N#Cc1cc(C(=O)O)cc2c1CN(C1CCC(=O)NC1=O)C2=O,0.92,
cand_1206,O=C1CCC(N2C(=O)c3ccc(C(=O)O)c(C(F)(F)F)c3C2=O)C(=O)N1,0.92,
cand_1207,NS(=O)(=O)c1ccc2c(c1C(=O)O)C(=O)N(C1CCC(=O)NC1=O)C2=O,0.96,
cand_1208,CCc1cc(C)cc2c1C(=O)N(C1CCC(=O)NC1=O)C2,0.895,
cand_1209,NC(=O)c1cc(Br)c2c(c1)CN(C1CCC(=O)NC1=O)C2=O,0.88,
cand_1210,O=C1CCC(N2Cc3c(C(F)(F)F)ccc(C(F)(F)F)c3C2=O)C(=O)N1,0.915,
cand_1211,CCc1cc(C#N)cc2c1C(=O)N(C1CCC(=O)NC1=O)C2,0.885,
cand_1212,N#Cc1cc(C(N)=O)cc2c1C(=O)N(C1CCC(=O)NC1=O)C2,0.885,
cand_1213,CNc1ccc(C)c2c1C(=O)N(C1CCC(=O)NC1=O)C2,0.905,
cand_1214,CNc1ccc2c(c1Cl)C(=O)N(C1CCC(=O)NC1=O)C2=O,0.97,
cand_1215,Nc1ccc(C(F)(F)F)c2c1C(=O)N(C1CCC(=O)NC1=O)C2=O,0.85,
cand_1216,N#Cc1cc(Br)cc2c1C(=O)N(C1CCC(=O)NC1=O)C2=O,0.935,
cand_1217,Nc1ccc2c(c1F)C(=O)N(C1CCC(=O)NC1=O)C2=O,0.96,
cand_1218,NS(=O)(=O)c1ccc(O)c2c1C(=O)N(C1CCC(=O)NC1=O)C2=O,0.915,
cand_1219,CNc1c([N+](=O)[O-])ccc2c1CN(C1CCC(=O)NC1=O)C2=O,0.92,
cand_1220,O=C1CCC(N2Cc3c(C(F)(F)F)ccc(-c4ccc(N5CCNCC5)cc4)c3C2=O)C(=O)N1,0.965,
cand_1221,COc1cc(I)cc2c1C(=O)N(C1CCC(=O)NC1=O)C2=O,0.985,
cand_1222,COc1cc2c(c(S(N)(=O)=O)c1)CN(C1CCC(=O)NC1=O)C2=O,0.925,
cand_1223,Cc1cc([N+](=O)[O-])cc2c1CN(C1CCC(=O)NC1=O)C2=O,0.84,
cand_1224,O=C1CCC(N2C(=O)c3cc(Br)cc([N+](=O)[O-])c3C2=O)C(=O)N1,0.91,
cand_1225,O=C1CCC(N2Cc3cc(O)c(Br)cc3C2=O)C(=O)N1,0.87,
cand_1226,N#Cc1cc(F)cc2c1C(=O)N(C1CCC(=O)NC1=O)C2,0.935,
cand_1227,COc1cc2c(c([N+](=O)[O-])c1)C(=O)N(C1CCC(=O)NC1=O)C2=O,0.915,
cand_1228,N#Cc1ccc2c(c1O)CN(C1CCC(=O)NC1=O)C2=O,0.975,
cand_1229,Cc1cc2c(cc1I)C(=O)N(C1CCC(=O)NC1=O)C2=O,0.935,
cand_1230,Cc1cc2c(cc1[N+](=O)[O-])C(=O)N(C1CCC(=O)NC1=O)C2=O,0.905,
cand_1231,Cc1ccc2c(c1C)C(=O)N(C1CCC(=O)NC1=O)C2=O,0.97,
cand_1232,O=C1CCC(N2Cc3c(cc(C(=O)O)cc3-c3ccc(N4CCNCC4)cc3)C2=O)C(=O)N1,0.95,
cand_1233,CCc1cc(OC)c2c(c1)C(=O)N(C1CCC(=O)NC1=O)C2=O,0.965,
cand_1234,N#Cc1cc2c(cc1C(F)(F)F)C(=O)N(C1CCC(=O)NC1=O)C2,0.925,
cand_1235,NS(=O)(=O)c1ccc2c(c1F)C(=O)N(C1CCC(=O)NC1=O)C2,0.935,
cand_1236,NC(=O)c1ccc(C(N)=O)c2c1CN(C1CCC(=O)NC1=O)C2=O,0.915,
cand_1237,COc1cc2c(cc1Br)CN(C1CCC(=O)NC1=O)C2=O,0.975,
cand_1238,NC(=O)c1cc2c(c(S(N)(=O)=O)c1)C(=O)N(C1CCC(=O)NC1=O)C2=O,0.895,
cand_1239,CN(C)c1cc2c(cc1C(=O)O)C(=O)N(C1CCC(=O)NC1=O)C2=O,0.96,
cand_1240,NS(=O)(=O)c1cc2c(cc1Cl)CN(C1CCC(=O)NC1=O)C2=O,0.925,
cand_1241,CN(C)c1cc(I)c2c(c1)C(=O)N(C1CCC(=O)NC1=O)C2,0.905,
cand_1242,CCc1ccc(OC)c2c1CN(C1CCC(=O)NC1=O)C2=O,0.84,
cand_1243,CCc1c(C)ccc2c1C(=O)N(C1CCC(=O)NC1=O)C2=O,0.95,
cand_1244,O=C1CCC(N2Cc3ccc([N+](=O)[O-])c(C(F)(F)F)c3C2=O)C(=O)N1,0.895,
cand_1245,CNc1c(Br)ccc2c1C(=O)N(C1CCC(=O)NC1=O)C2=O,0.975,
cand_1246,O=C1CCC(N2Cc3c(ccc(Cl)c3Br)C2=O)C(=O)N1,0.98,
cand_1247,NS(=O)(=O)c1ccc2c(c1S(N)(=O)=O)CN(C1CCC(=O)NC1=O)C2=O,0.965,
cand_1248,N#Cc1cc(N)cc2c1C(=O)N(C1CCC(=O)NC1=O)C2,0.915,
cand_1249,Cc1c(S(N)(=O)=O)ccc2c1C(=O)N(C1CCC(=O)NC1=O)C2,0.915,
cand_1250,CN(C)c1cc(Cl)c2c(c1)CN(C1CCC(=O)NC1=O)C2=O,0.94,
cand_1251,CNc1ccc2c(c1C(N)=O)C(=O)N(C1CCC(=O)NC1=O)C2=O,0.975,
cand_1252,O=C1CCC(N2Cc3cc(I)c([N+](=O)[O-])cc3C2=O)C(=O)N1,0.9,
cand_1253,O=C1CCC(N2C(=O)c3ccc(Br)c(I)c3C2=O)C(=O)N1,0.985,
cand_1254,O=C1CCC(N2Cc3c(O)ccc(I)c3C2=O)C(=O)N1,0.915,
cand_1255,O=C1CCC(N2Cc3c(C(=O)O)ccc(C(=O)O)c3C2=O)C(=O)N1,0.93,
cand_1256,O=C1CCC(N2Cc3cc(C(F)(F)F)cc(I)c3C2=O)C(=O)N1,0.915,
cand_1257,CN(C)c1cc(N)c2c(c1)C(=O)N(C1CCC(=O)NC1=O)C2,0.895,
cand_1258,O=C1CCC(N2Cc3cc([N+](=O)[O-])cc(F)c3C2=O)C(=O)N1,0.88,
cand_1259,O=C1CCC(N2C(=O)c3c(Cl)ccc(I)c3C2=O)C(=O)N1,0.925,
cand_1260,NS(=O)(=O)c1cc(-c2ccc(N3CCNCC3)cc2)cc2c1C(=O)N(C1CCC(=O)NC1=O)C2=O,0.92,
cand_1261,CCc1ccc2c(c1CC)C(=O)N(C1CCC(=O)NC1=O)C2,0.825,
cand_1262,O=C1CCC(N2C(=O)c3cc(I)cc(F)c3C2=O)C(=O)N1,0.92,
cand_1263,COc1ccc2c(c1C(F)(F)F)C(=O)N(C1CCC(=O)NC1=O)C2=O,0.97,
cand_1264,CNc1ccc(C#N)c2c1C(=O)N(C1CCC(=O)NC1=O)C2=O,0.88,
cand_1265,COc1ccc2c(c1-c1ccc(N3CCNCC3)cc1)C(=O)N(C1CCC(=O)NC1=O)C2=O,0.99,
cand_1266,O=C1CCC(N2Cc3c(I)cc(Cl)cc3C2=O)C(=O)N1,0.935,
cand_1267,NC(=O)c1c(-c2ccc(N3CCNCC3)cc2)ccc2c1C(=O)N(C1CCC(=O)NC1=O)C2,0.98,
cand_1268,O=C1CCC(N2C(=O)c3cc(-c4ccc(N5CCNCC5)cc4)cc(Br)c3C2=O)C(=O)N1,0.94,
cand_1269,COc1c(C(N)=O)ccc2c1C(=O)N(C1CCC(=O)NC1=O)C2,0.86,
cand_1270,COc1cc(C(N)=O)cc2c1C(=O)N(C1CCC(=O)NC1=O)C2=O,0.93,
cand_1271,COc1ccc(I)c2c1C(=O)N(C1CCC(=O)NC1=O)C2=O,0.925,
cand_1272,CNc1c(N)ccc2c1CN(C1CCC(=O)NC1=O)C2=O,0.97,
cand_1273,COc1cc(C(=O)O)cc2c1C(=O)N(C1CCC(=O)NC1=O)C2=O,0.965,
cand_1274,NC(=O)c1ccc2c(c1I)CN(C1CCC(=O)NC1=O)C2=O,0.97,
cand_1275,Cc1ccc(C(F)(F)F)c2c1C(=O)N(C1CCC(=O)NC1=O)C2,0.87,
cand_1276,COc1cc2c(cc1C(=O)O)CN(C1CCC(=O)NC1=O)C2=O,0.93,
cand_1277,Nc1cc(C(=O)O)c2c(c1)C(=O)N(C1CCC(=O)NC1=O)C2,0.905,
cand_1278,O=C1CCC(N2Cc3c(ccc(I)c3C(=O)O)C2=O)C(=O)N1,0.965,
cand_1279,CNc1cc(C(N)=O)c2c(c1)C(=O)N(C1CCC(=O)NC1=O)C2,0.885,
cand_1280,CNc1ccc(C(N)=O)c2c1C(=O)N(C1CCC(=O)NC1=O)C2,0.89,
cand_1281,COc1c(C#N)ccc2c1C(=O)N(C1CCC(=O)NC1=O)C2,0.87,
cand_1282,CCc1cc(F)c2c(c1)C(=O)N(C1CCC(=O)NC1=O)C2=O,0.92,
cand_1283,CN(C)c1ccc2c(c1O)C(=O)N(C1CCC(=O)NC1=O)C2,0.945,
cand_1284,NC(=O)c1ccc2c(c1-c1ccc(N3CCNCC3)cc1)C(=O)N(C1CCC(=O)NC1=O)C2=O,0.98,
cand_1285,O=C1CCC(N2C(=O)c3ccc(F)c(I)c3C2=O)C(=O)N1,0.955,
cand_1286,NS(=O)(=O)c1cc(-c2ccc(N3CCNCC3)cc2)cc2c1CN(C1CCC(=O)NC1=O)C2=O,0.89,
cand_1287,Nc1c(S(N)(=O)=O)ccc2c1CN(C1CCC(=O)NC1=O)C2=O,0.96,
cand_1288,O=C1CCC(N2Cc3c(ccc(-c4ccc(N5CCNCC5)cc4)c3C(=O)O)C2=O)C(=O)N1,0.995,
cand_1289,NC(=O)c1cc(N)cc2c1C(=O)N(C1CCC(=O)NC1=O)C2=O,0.91,
cand_1290,CN(C)c1ccc2c(c1C(N)=O)CN(C1CCC(=O)NC1=O)C2=O,0.965,
cand_1291,COc1ccc2c(c1F)CN(C1CCC(=O)NC1=O)C2=O,0.98,
cand_1292,O=C1CCC(N2Cc3c(ccc(Cl)c3[N+](=O)[O-])C2=O)C(=O)N1,0.925,
cand_1293,CNc1cc(I)c2c(c1)CN(C1CCC(=O)NC1=O)C2=O,0.905,
cand_1294,NC(=O)c1c(O)ccc2c1CN(C1CCC(=O)NC1=O)C2=O,0.985,
cand_1295,NS(=O)(=O)c1ccc2c(c1O)CN(C1CCC(=O)NC1=O)C2=O,0.975,
cand_1296,CCc1cc(CC)c2c(c1)C(=O)N(C1CCC(=O)NC1=O)C2,0.915,
cand_1297,NS(=O)(=O)c1cc(F)c2c(c1)C(=O)N(C1CCC(=O)NC1=O)C2,0.91,
cand_1298,Nc1c(I)ccc2c1CN(C1CCC(=O)NC1=O)C2=O,0.965,
cand_1299,CNc1ccc2c(c1C(F)(F)F)C(=O)N(C1CCC(=O)NC1=O)C2=O,0.95,
cand_1300,Cc1ccc2c(c1C)C(=O)N(C1CCC(=O)NC1=O)C2,0.93,
cand_1301,CNc1c(N)ccc2c1C(=O)N(C1CCC(=O)NC1=O)C2,0.91,
cand_1302,O=C1CCC(N2Cc3c(O)cc(C(=O)O)cc3C2=O)C(=O)N1,0.935,
cand_1303,NC(=O)c1ccc(C(=O)O)c2c1C(=O)N(C1CCC(=O)NC1=O)C2=O,0.885,
cand_1304,Cc1cc2c(cc1O)C(=O)N(C1CCC(=O)NC1=O)C2=O,0.965,
cand_1305,Cc1c(C(F)(F)F)ccc2c1C(=O)N(C1CCC(=O)NC1=O)C2=O,0.925,
cand_1306,Cc1c(I)ccc2c1CN(C1CCC(=O)NC1=O)C2=O,0.95,
cand_1307,CNc1ccc2c(c1C(F)(F)F)C(=O)N(C1CCC(=O)NC1=O)C2,0.915,
cand_1308,COc1cc(Cl)cc2c1CN(C1CCC(=O)NC1=O)C2=O,0.92,
cand_1309,N#Cc1ccc(C(F)(F)F)c2c1C(=O)N(C1CCC(=O)NC1=O)C2,0.905,
cand_1310,NC(=O)c1cc(N)cc2c1C(=O)N(C1CCC(=O)NC1=O)C2,0.9,
cand_1311,COc1cc2c(cc1O)CN(C1CCC(=O)NC1=O)C2=O,0.98,
cand_1312,CCc1ccc(NC)c2c1CN(C1CCC(=O)NC1=O)C2=O,0.825,
cand_1313,N#Cc1c(Br)ccc2c1CN(C1CCC(=O)NC1=O)C2=O,0.965,
cand_1314,Nc1ccc(S(N)(=O)=O)c2c1CN(C1CCC(=O)NC1=O)C2=O,0.905,
cand_1315,O=C1CCC(N2Cc3cc(I)c(F)cc3C2=O)C(=O)N1,0.97,
cand_1316,Cc1c(F)ccc2c1C(=O)N(C1CCC(=O)NC1=O)C2,0.91,
cand_1317,O=C1CCC(N2Cc3ccc(-c4ccc(N5CCNCC5)cc4)c(Br)c3C2=O)C(=O)N1,0.945,
cand_1318,O=C1CCC(N2C(=O)c3cc(Br)c(-c4ccc(N5CCNCC5)cc4)cc3C2=O)C(=O)N1,0.995,
cand_1319,Cc1cc(F)cc2c1CN(C1CCC(=O)NC1=O)C2=O,0.915,
cand_1320,N#Cc1ccc(C(F)(F)F)c2c1CN(C1CCC(=O)NC1=O)C2=O,0.905,
cand_1321,CCc1cc2c(c(-c3ccc(N4CCNCC4)cc3)c1)C(=O)N(C1CCC(=O)NC1=O)C2,0.98,
cand_1322,CN(C)c1c(Cl)ccc2c1C(=O)N(C1CCC(=O)NC1=O)C2=O,0.98,
cand_1323,O=C1CCC(N2C(=O)c3ccc(C(=O)O)c(O)c3C2=O)C(=O)N1,0.97,
cand_1324,CN(C)c1cc2c(cc1[N+](=O)[O-])C(=O)N(C1CCC(=O)NC1=O)C2=O,0.93,
cand_1325,CN(C)c1ccc2c(c1N)C(=O)N(C1CCC(=O)NC1=O)C2=O,0.94,
cand_1326,COc1cc2c(cc1S(N)(=O)=O)CN(C1CCC(=O)NC1=O)C2=O,0.93,
cand_1327,CCc1ccc2c(c1I)C(=O)N(C1CCC(=O)NC1=O)C2=O,0.89,
cand_1328,COc1cc2c(cc1C)C(=O)N(C1CCC(=O)NC1=O)C2=O,0.955,
cand_1329,COc1ccc2c(c1O)C(=O)N(C1CCC(=O)NC1=O)C2,0.95,
cand_1330,O=C1CCC(N2Cc3c(O)ccc(Br)c3C2=O)C(=O)N1,0.925,
cand_1331,N#Cc1ccc(N)c2c1CN(C1CCC(=O)NC1=O)C2=O,0.925,
cand_1332,CN(C)c1cc(Br)cc2c1C(=O)N(C1CCC(=O)NC1=O)C2=O,0.97,
cand_1333,CNc1ccc2c(c1O)C(=O)N(C1CCC(=O)NC1=O)C2,0.94,
cand_1334,CN(C)c1ccc2c(c1O)C(=O)N(C1CCC(=O)NC1=O)C2=O,0.995,
cand_1335,NC(=O)c1cc(F)c2c(c1)CN(C1CCC(=O)NC1=O)C2=O,0.88,
cand_1336,Nc1ccc(C(=O)O)c2c1C(=O)N(C1CCC(=O)NC1=O)C2=O,0.89,
cand_1337,Nc1cc(-c2ccc(N3CCNCC3)cc2)cc2c1C(=O)N(C1CCC(=O)NC1=O)C2=O,0.93,
cand_1338,N#Cc1c(C(=O)O)ccc2c1C(=O)N(C1CCC(=O)NC1=O)C2,0.95,
cand_1339,O=C1CCC(N2C(=O)c3cc(F)cc([N+](=O)[O-])c3C2=O)C(=O)N1,0.885,
cand_1340,N#Cc1cc2c(cc1N)C(=O)N(C1CCC(=O)NC1=O)C2,0.97,
cand_1341,CNc1cc2c(cc1C)C(=O)N(C1CCC(=O)NC1=O)C2=O,0.91,
cand_1342,COc1cc(C#N)cc2c1C(=O)N(C1CCC(=O)NC1=O)C2,0.91,
cand_1343,CCc1cc(NC)cc2c1C(=O)N(C1CCC(=O)NC1=O)C2=O,0.94,
cand_1344,O=C1CCC(N2Cc3c(I)cc([N+](=O)[O-])cc3C2=O)C(=O)N1,0.865,
cand_1345,O=C1CCC(N2C(=O)c3cc(C(=O)O)c(C(=O)O)cc3C2=O)C(=O)N1,0.97,
cand_1346,NS(=O)(=O)c1c(F)ccc2c1C(=O)N(C1CCC(=O)NC1=O)C2,0.925,
cand_1347,N#Cc1cc(C(=O)O)cc2c1C(=O)N(C1CCC(=O)NC1=O)C2=O,0.93,
cand_1348,CCc1ccc2c(c1[N+](=O)[O-])CN(C1CCC(=O)NC1=O)C2=O,0.825,
cand_1349,O=C1CCC(N2Cc3ccc([N+](=O)[O-])c(-c4ccc(N5CCNCC5)cc4)c3C2=O)C(=O)N1,0.915,
cand_1350,NS(=O)(=O)c1ccc2c(c1Br)C(=O)N(C1CCC(=O)NC1=O)C2=O,0.97,
cand_1351,CNc1cc2c(cc1C(=O)O)C(=O)N(C1CCC(=O)NC1=O)C2=O,0.92,
cand_1352,O=C1CCC(N2C(=O)c3cc(-c4ccc(N5CCNCC5)cc4)cc(F)c3C2=O)C(=O)N1,0.895,
cand_1353,COc1cc2c(cc1N)CN(C1CCC(=O)NC1=O)C2=O,0.94,
cand_1354,CCc1cc2c(cc1N(C)C)CN(C1CCC(=O)NC1=O)C2=O,0.955,
cand_1355,CCc1ccc(S(N)(=O)=O)c2c1C(=O)N(C1CCC(=O)NC1=O)C2=O,0.825,
cand_1356,Nc1c(O)ccc2c1CN(C1CCC(=O)NC1=O)C2=O,0.985,
cand_1357,COc1cc2c(cc1S(N)(=O)=O)C(=O)N(C1CCC(=O)NC1=O)C2=O,0.9,
cand_1358,Cc1cc2c(c(C(F)(F)F)c1)C(=O)N(C1CCC(=O)NC1=O)C2=O,0.91,
cand_1359,CN(C)c1ccc(Br)c2c1CN(C1CCC(=O)NC1=O)C2=O,0.93,
cand_1360,O=C1CCC(N2Cc3cc(F)cc(-c4ccc(N5CCNCC5)cc4)c3C2=O)C(=O)N1,0.985,
cand_1361,CCc1ccc(O)c2c1CN(C1CCC(=O)NC1=O)C2=O,0.825,
cand_1362,O=C1CCC(N2Cc3c(Cl)cc(C(=O)O)cc3C2=O)C(=O)N1,0.92,
cand_1363,O=C1CCC(N2C(=O)c3ccc(F)c(F)c3C2=O)C(=O)N1,0.965,
cand_1364,N#Cc1ccc2c(c1C(=O)O)CN(C1CCC(=O)NC1=O)C2=O,0.98,
cand_1365,N#Cc1c(Cl)ccc2c1C(=O)N(C1CCC(=O)NC1=O)C2=O,0.935,
cand_1366,CN(C)c1c(C(N)=O)ccc2c1CN(C1CCC(=O)NC1=O)C2=O,0.96,
cand_1367,CCc1c([N+](=O)[O-])ccc2c1C(=O)N(C1CCC(=O)NC1=O)C2,0.86,
cand_1368,Nc1cc(O)c2c(c1)C(=O)N(C1CCC(=O)NC1=O)C2=O,0.93,
cand_1369,CN(C)c1cc(C(=O)O)cc2c1CN(C1CCC(=O)NC1=O)C2=O,0.925,
cand_1370,N#Cc1cc2c(cc1S(N)(=O)=O)CN(C1CCC(=O)NC1=O)C2=O,0.945,
cand_1371,Nc1c(S(N)(=O)=O)ccc2c1C(=O)N(C1CCC(=O)NC1=O)C2=O,0.935,
cand_1372,O=C1CCC(N2C(=O)c3cc(Br)cc(C(=O)O)c3C2=O)C(=O)N1,0.95,
cand_1373,CNc1cc2c(c([N+](=O)[O-])c1)C(=O)N(C1CCC(=O)NC1=O)C2,0.87,
cand_1374,Nc1cc(F)c2c(c1)C(=O)N(C1CCC(=O)NC1=O)C2=O,0.875,
cand_1375,Cc1cc2c(cc1N)C(=O)N(C1CCC(=O)NC1=O)C2=O,0.935,
cand_1376,CCc1cc2c(c(-c3ccc(N4CCNCC4)cc3)c1)CN(C1CCC(=O)NC1=O)C2=O,0.95,
cand_1377,NC(=O)c1cc(Br)cc2c1CN(C1CCC(=O)NC1=O)C2=O,0.92,
cand_1378,N#Cc1c(F)ccc2c1C(=O)N(C1CCC(=O)NC1=O)C2,0.935,
cand_1379,CCc1cc2c(cc1OC)C(=O)N(C1CCC(=O)NC1=O)C2=O,0.97,
cand_1380,Cc1c(C#N)ccc2c1CN(C1CCC(=O)NC1=O)C2=O,0.96,
cand_1381,N#Cc1cc(-c2ccc(N3CCNCC3)cc2)cc2c1C(=O)N(C1CCC(=O)NC1=O)C2,0.91,
cand_1382,CN(C)c1c(F)ccc2c1CN(C1CCC(=O)NC1=O)C2=O,0.99,
cand_1383,CN(C)c1ccc2c(c1C(=O)O)C(=O)N(C1CCC(=O)NC1=O)C2=O,0.965,
cand_1384,NC(=O)c1ccc2c(c1F)C(=O)N(C1CCC(=O)NC1=O)C2=O,0.95,
cand_1385,COc1c(O)ccc2c1C(=O)N(C1CCC(=O)NC1=O)C2,0.885,
cand_1386,CCc1ccc(O)c2c1C(=O)N(C1CCC(=O)NC1=O)C2,0.82,
cand_1387,CNc1cc([N+](=O)[O-])cc2c1C(=O)N(C1CCC(=O)NC1=O)C2=O,0.91,
cand_1388,CN(C)c1ccc2c(c1S(N)(=O)=O)C(=O)N(C1CCC(=O)NC1=O)C2=O,0.945,
cand_1389,Nc1cc(Br)c2c(c1)C(=O)N(C1CCC(=O)NC1=O)C2=O,0.955,
cand_1390,O=C1CCC(N2C(=O)c3ccc(O)c(I)c3C2=O)C(=O)N1,0.995,
cand_1391,Cc1ccc(I)c2c1C(=O)N(C1CCC(=O)NC1=O)C2=O,0.875,
cand_1392,CCc1cc(NC)c2c(c1)C(=O)N(C1CCC(=O)NC1=O)C2=O,0.945,
cand_1393,N#Cc1cc2c(cc1Cl)C(=O)N(C1CCC(=O)NC1=O)C2,0.965,
cand_1394,CCc1ccc(C#N)c2c1CN(C1CCC(=O)NC1=O)C2=O,0.83,
cand_1395,Nc1cc2c(cc1Cl)CN(C1CCC(=O)NC1=O)C2=O,0.945,
cand_1396,NS(=O)(=O)c1cc(F)c2c(c1)C(=O)N(C1CCC(=O)NC1=O)C2=O,0.91,
cand_1397,O=C1CCC(N2Cc3cc(I)c(O)cc3C2=O)C(=O)N1,0.955,
cand_1398,N#Cc1ccc2c(c1Br)C(=O)N(C1CCC(=O)NC1=O)C2,0.935,
cand_1399,CCc1ccc2c(c1C(F)(F)F)C(=O)N(C1CCC(=O)NC1=O)C2=O,0.885,
cand_1400,O=C1CCC(N2Cc3cc(O)c(O)cc3C2=O)C(=O)N1,0.97,
cand_1401,COc1cc(Br)cc2c1C(=O)N(C1CCC(=O)NC1=O)C2,0.885,
cand_1402,CNc1c(C(=O)O)ccc2c1C(=O)N(C1CCC(=O)NC1=O)C2,0.92,
cand_1403,CNc1c(C#N)ccc2c1CN(C1CCC(=O)NC1=O)C2=O,0.96,
cand_1404,Nc1cc(Br)cc2c1CN(C1CCC(=O)NC1=O)C2=O,0.915,
cand_1405,O=C1CCC(N2C(=O)c3ccc(Br)c(Br)c3C2=O)C(=O)N1,0.99,
cand_1406,NS(=O)(=O)c1cc(I)cc2c1CN(C1CCC(=O)NC1=O)C2=O,0.925,
cand_1407,Nc1ccc2c(c1N)C(=O)N(C1CCC(=O)NC1=O)C2=O,0.985,
cand_1408,CCc1cc(I)c2c(c1)C(=O)N(C1CCC(=O)NC1=O)C2,0.905,
cand_1409,Cc1ccc(O)c2c1C(=O)N(C1CCC(=O)NC1=O)C2=O,0.895,
cand_1410,N#Cc1cc(S(N)(=O)=O)cc2c1C(=O)N(C1CCC(=O)NC1=O)C2=O,0.92,
cand_1411,CCc1cc2c(c(C(F)(F)F)c1)C(=O)N(C1CCC(=O)NC1=O)C2=O,0.935,
cand_1412,CNc1c(C(=O)O)ccc2c1CN(C1CCC(=O)NC1=O)C2=O,0.98,
cand_1413,N#Cc1cc(I)cc2c1C(=O)N(C1CCC(=O)NC1=O)C2=O,0.945,
cand_1414,CCc1ccc2c(c1[N+](=O)[O-])C(=O)N(C1CCC(=O)NC1=O)C2,0.78,
cand_1415,Cc1ccc2c(c1C(N)=O)C(=O)N(C1CCC(=O)NC1=O)C2=O,0.965,
cand_1416,N#Cc1cc2c(c(C(F)(F)F)c1)C(=O)N(C1CCC(=O)NC1=O)C2=O,0.91,
cand_1417,CCc1ccc(C(=O)O)c2c1C(=O)N(C1CCC(=O)NC1=O)C2,0.825,
cand_1418,COc1cc(C)c2c(c1)CN(C1CCC(=O)NC1=O)C2=O,0.935,
cand_1419,CN(C)c1ccc(-c2ccc(N3CCNCC3)cc2)c2c1CN(C1CCC(=O)NC1=O)C2=O,0.98,
cand_1420,CCc1ccc2c(c1N)CN(C1CCC(=O)NC1=O)C2=O,0.875,
cand_1421,Cc1c([N+](=O)[O-])ccc2c1CN(C1CCC(=O)NC1=O)C2=O,0.91,
cand_1422,Nc1ccc2c(c1-c1ccc(N3CCNCC3)cc1)CN(C1CCC(=O)NC1=O)C2=O,0.995,
cand_1423,Nc1cc(I)cc2c1CN(C1CCC(=O)NC1=O)C2=O,0.91,
cand_1424,O=C1CCC(N2Cc3c(ccc(Cl)c3-c3ccc(N4CCNCC4)cc3)C2=O)C(=O)N1,0.995,
cand_1425,COc1cc(C#N)cc2c1C(=O)N(C1CCC(=O)NC1=O)C2=O,0.945,
cand_1426,CCc1c(O)ccc2c1C(=O)N(C1CCC(=O)NC1=O)C2=O,0.97,
cand_1427,O=C1CCC(N2Cc3cc(I)cc([N+](=O)[O-])c3C2=O)C(=O)N1,0.865,
cand_1428,N#Cc1cc2c(cc1S(N)(=O)=O)C(=O)N(C1CCC(=O)NC1=O)C2,0.93,
cand_1429,CCc1cc2c(cc1O)C(=O)N(C1CCC(=O)NC1=O)C2,0.95,
cand_1430,O=C1CCC(N2C(=O)c3ccc(I)c(O)c3C2=O)C(=O)N1,0.92,
cand_1431,O=C1CCC(N2Cc3cc(O)c(C(=O)O)cc3C2=O)C(=O)N1,0.98,
cand_1432,O=C1CCC(N2Cc3cc(F)cc(C(=O)O)c3C2=O)C(=O)N1,0.93,
cand_1433,CCc1ccc(CC)c2c1C(=O)N(C1CCC(=O)NC1=O)C2=O,0.86,
cand_1434,N#Cc1c(F)ccc2c1CN(C1CCC(=O)NC1=O)C2=O,0.985,
cand_1435,CCc1ccc2c(c1Br)CN(C1CCC(=O)NC1=O)C2=O,0.88,
cand_1436,NC(=O)c1cc(C(N)=O)c2c(c1)C(=O)N(C1CCC(=O)NC1=O)C2=O,0.905,
cand_1437,Cc1ccc2c(c1C(N)=O)C(=O)N(C1CCC(=O)NC1=O)C2,0.92,
cand_1438,CCc1cc2c(cc1NC)CN(C1CCC(=O)NC1=O)C2=O,0.945,
cand_1439,COc1cc(N(C)C)cc2c1C(=O)N(C1CCC(=O)NC1=O)C2,0.935,
cand_1440,COc1ccc2c(c1C)C(=O)N(C1CCC(=O)NC1=O)C2=O,0.98,
cand_1441,Cc1ccc2c(c1F)CN(C1CCC(=O)NC1=O)C2=O,0.97,
cand_1442,N#Cc1ccc2c(c1S(N)(=O)=O)C(=O)N(C1CCC(=O)NC1=O)C2=O,0.92,
cand_1443,COc1cc([N+](=O)[O-])cc2c1C(=O)N(C1CCC(=O)NC1=O)C2=O,0.925,
cand_1444,Cc1cc2c(cc1C(N)=O)C(=O)N(C1CCC(=O)NC1=O)C2=O,0.94,
cand_1445,CN(C)c1ccc(O)c2c1C(=O)N(C1CCC(=O)NC1=O)C2,0.94,
cand_1446,O=C1CCC(N2C(=O)c3c(I)ccc([N+](=O)[O-])c3C2=O)C(=O)N1,0.855,
cand_1447,Cc1cc(Cl)c2c(c1)C(=O)N(C1CCC(=O)NC1=O)C2,0.9,
cand_1448,Cc1cc2c(c([N+](=O)[O-])c1)CN(C1CCC(=O)NC1=O)C2=O,0.855,
cand_1449,CNc1c(S(N)(=O)=O)ccc2c1CN(C1CCC(=O)NC1=O)C2=O,0.965,
cand_1450,O=C1CCC(N2Cc3c([N+](=O)[O-])ccc(-c4ccc(N5CCNCC5)cc4)c3C2=O)C(=O)N1,0.89,
cand_1451,Nc1ccc([N+](=O)[O-])c2c1C(=O)N(C1CCC(=O)NC1=O)C2,0.835,
cand_1452,CNc1cc(NC)c2c(c1)C(=O)N(C1CCC(=O)NC1=O)C2=O,0.96,
cand_1453,NC(=O)c1cc(I)c2c(c1)CN(C1CCC(=O)NC1=O)C2=O,0.865,
cand_1454,COc1c(C#N)ccc2c1CN(C1CCC(=O)NC1=O)C2=O,0.895,
cand_1455,CCc1ccc2c(c1C(=O)O)CN(C1CCC(=O)NC1=O)C2=O,0.89,
cand_1456,CCc1cc(N)cc2c1C(=O)N(C1CCC(=O)NC1=O)C2,0.885,
cand_1457,O=C1CCC(N2C(=O)c3ccc(-c4ccc(N5CCNCC5)cc4)c(C(=O)O)c3C2=O)C(=O)N1,0.99,
cand_1458,NC(=O)c1c([N+](=O)[O-])ccc2c1C(=O)N(C1CCC(=O)NC1=O)C2=O,0.9,
cand_1459,CCc1cc2c(cc1Cl)CN(C1CCC(=O)NC1=O)C2=O,0.94,
cand_1460,CCc1cc(C(N)=O)cc2c1C(=O)N(C1CCC(=O)NC1=O)C2=O,0.905,
cand_1461,CNc1cc(NC)c2c(c1)C(=O)N(C1CCC(=O)NC1=O)C2,0.905,
cand_1462,NS(=O)(=O)c1ccc2c(c1O)C(=O)N(C1CCC(=O)NC1=O)C2=O,0.98,
cand_1463,O=C1CCC(N2Cc3c([N+](=O)[O-])ccc([N+](=O)[O-])c3C2=O)C(=O)N1,0.83,
cand_1464,O=C1CCC(N2Cc3c(ccc(Br)c3F)C2=O)C(=O)N1,0.995,
cand_1465,O=C1CCC(N2C(=O)c3cc(F)cc(O)c3C2=O)C(=O)N1,0.96,
cand_1466,NS(=O)(=O)c1cc(Cl)cc2c1C(=O)N(C1CCC(=O)NC1=O)C2,0.935,
cand_1467,Cc1ccc(F)c2c1C(=O)N(C1CCC(=O)NC1=O)C2=O,0.865,
cand_1468,O=C1CCC(N2Cc3c(O)cc(O)cc3C2=O)C(=O)N1,0.94,
cand_1469,COc1cc2c(cc1Br)C(=O)N(C1CCC(=O)NC1=O)C2=O,0.98,
cand_1470,NC(=O)c1ccc2c(c1C(=O)O)CN(C1CCC(=O)NC1=O)C2=O,0.98,
cand_1471,CNc1cc(C)c2c(c1)CN(C1CCC(=O)NC1=O)C2=O,0.92,
cand_1472,Cc1ccc2c(c1-c1ccc(N3CCNCC3)cc1)C(=O)N(C1CCC(=O)NC1=O)C2=O,0.97,
cand_1473,NS(=O)(=O)c1cc2c(cc1O)C(=O)N(C1CCC(=O)NC1=O)C2=O,0.955,
cand_1474,O=C1CCC(N2Cc3c(I)ccc(C(F)(F)F)c3C2=O)C(=O)N1,0.9,
cand_1475,CCc1cc2c(cc1N(C)C)C(=O)N(C1CCC(=O)NC1=O)C2=O,0.965,
cand_1476,NC(=O)c1ccc2c(c1Cl)C(=O)N(C1CCC(=O)NC1=O)C2=O,0.96,
cand_1477,CCc1ccc2c(c1OC)C(=O)N(C1CCC(=O)NC1=O)C2=O,0.87,
cand_1478,CCc1cc2c(cc1C#N)C(=O)N(C1CCC(=O)NC1=O)C2=O,0.92,
cand_1479,O=C1CCC(N2C(=O)c3cc(I)cc(I)c3C2=O)C(=O)N1,0.96,
cand_1480,Nc1c(C(=O)O)ccc2c1C(=O)N(C1CCC(=O)NC1=O)C2=O,0.945,
cand_1481,Cc1ccc2c(c1Cl)C(=O)N(C1CCC(=O)NC1=O)C2=O,0.93,
cand_1482,O=C1CCC(N2Cc3c(cc(O)cc3[N+](=O)[O-])C2=O)C(=O)N1,0.87,
cand_1483,Cc1ccc2c(c1F)C(=O)N(C1CCC(=O)NC1=O)C2=O,0.945,
cand_1484,CCc1cc(N)c2c(c1)C(=O)N(C1CCC(=O)NC1=O)C2,0.885,
cand_1485,CCc1ccc(Br)c2c1C(=O)N(C1CCC(=O)NC1=O)C2,0.82,
cand_1486,CN(C)c1cc(C(=O)O)c2c(c1)C(=O)N(C1CCC(=O)NC1=O)C2=O,0.95,
cand_1487,NC(=O)c1ccc(F)c2c1C(=O)N(C1CCC(=O)NC1=O)C2=O,0.87,
cand_1488,CN(C)c1c(C#N)ccc2c1CN(C1CCC(=O)NC1=O)C2=O,0.97,
cand_1489,COc1cc2c(cc1C(F)(F)F)CN(C1CCC(=O)NC1=O)C2=O,0.985,
cand_1490,O=C1CCC(N2Cc3c(C(F)(F)F)ccc(C(=O)O)c3C2=O)C(=O)N1,0.9,
cand_1491,N#Cc1ccc2c(c1C(=O)O)C(=O)N(C1CCC(=O)NC1=O)C2=O,0.95,
cand_1492,NC(=O)c1ccc(Br)c2c1C(=O)N(C1CCC(=O)NC1=O)C2=O,0.895,
cand_1493,CNc1ccc(O)c2c1CN(C1CCC(=O)NC1=O)C2=O,0.895,
cand_1494,CN(C)c1cc2c(cc1[N+](=O)[O-])CN(C1CCC(=O)NC1=O)C2=O,0.915,
cand_1495,O=C1CCC(N2C(=O)c3cc(Cl)cc(I)c3C2=O)C(=O)N1,0.965,
cand_1496,CNc1c(C)ccc2c1C(=O)N(C1CCC(=O)NC1=O)C2=O,0.96,
cand_1497,N#Cc1cc2c(cc1F)C(=O)N(C1CCC(=O)NC1=O)C2,0.975,
cand_1498,CCc1cc(N(C)C)cc2c1C(=O)N(C1CCC(=O)NC1=O)C2=O,0.96,
cand_1499,CCc1cc2c(cc1F)C(=O)N(C1CCC(=O)NC1=O)C2=O,0.945,
cand_1500,Cc1cc(C(N)=O)cc2c1C(=O)N(C1CCC(=O)NC1=O)C2=O,0.905,
cand_1501,COc1cc(Cl)cc2c1C(=O)N(C1CCC(=O)NC1=O)C2=O,0.975,
cand_1502,Cc1cc2c(cc1O)C(=O)N(C1CCC(=O)NC1=O)C2,0.965,
cand_1503,CN(C)c1cc(C(N)=O)cc2c1C(=O)N(C1CCC(=O)NC1=O)C2,0.89,
cand_1504,CCc1cc2c(cc1C(N)=O)C(=O)N(C1CCC(=O)NC1=O)C2=O,0.905,
cand_1505,O=C1CCC(N2Cc3cc(C(=O)O)cc(O)c3C2=O)C(=O)N1,0.935,
cand_1506,CCc1cc(C(N)=O)c2c(c1)C(=O)N(C1CCC(=O)NC1=O)C2,0.91,
cand_1507,NC(=O)c1cc2c(cc1-c1ccc(N3CCNCC3)cc1)C(=O)N(C1CCC(=O)NC1=O)C2,0.93,
cand_1508,CN(C)c1ccc([N+](=O)[O-])c2c1C(=O)N(C1CCC(=O)NC1=O)C2=O,0.875,
cand_1509,Cc1cc(F)c2c(c1)C(=O)N(C1CCC(=O)NC1=O)C2,0.915,
cand_1510,CNc1cc2c(c(S(N)(=O)=O)c1)CN(C1CCC(=O)NC1=O)C2=O,0.895,
cand_1511,CN(C)c1c(Cl)ccc2c1C(=O)N(C1CCC(=O)NC1=O)C2,0.945,
cand_1512,CCc1c(C#N)ccc2c1C(=O)N(C1CCC(=O)NC1=O)C2,0.91,
cand_1513,CCc1cc(F)c2c(c1)CN(C1CCC(=O)NC1=O)C2=O,0.915,
cand_1514,NC(=O)c1c(Cl)ccc2c1C(=O)N(C1CCC(=O)NC1=O)C2=O,0.98,
cand_1515,O=C1CCC(N2Cc3cc(Br)c(Br)cc3C2=O)C(=O)N1,0.98,
cand_1516,Cc1ccc2c(c1S(N)(=O)=O)C(=O)N(C1CCC(=O)NC1=O)C2=O,0.95,
cand_1517,NC(=O)c1cc2c(cc1S(N)(=O)=O)C(=O)N(C1CCC(=O)NC1=O)C2,0.88,
cand_1518,CNc1c(F)ccc2c1C(=O)N(C1CCC(=O)NC1=O)C2=O,0.965,
cand_1519,O=C1CCC(N2Cc3cc(F)c(C(F)(F)F)cc3C2=O)C(=O)N1,0.93,
cand_1520,Cc1c(N(C)C)ccc2c1CN(C1CCC(=O)NC1=O)C2=O,0.97,
cand_1521,CNc1cc2c(cc1I)CN(C1CCC(=O)NC1=O)C2=O,0.92,
cand_1522,Cc1cc(Cl)c2c(c1)C(=O)N(C1CCC(=O)NC1=O)C2=O,0.94,
cand_1523,O=C1CCC(N2Cc3c(I)cc(F)cc3C2=O)C(=O)N1,0.91,
cand_1524,O=C1CCC(N2Cc3c(F)cc(F)cc3C2=O)C(=O)N1,0.925,
cand_1525,CNc1c(C(F)(F)F)ccc2c1CN(C1CCC(=O)NC1=O)C2=O,0.97,
cand_1526,O=C1CCC(N2C(=O)c3cc([N+](=O)[O-])cc(-c4ccc(N5CCNCC5)cc4)c3C2=O)C(=O)N1,0.94,
cand_1527,Cc1cc2c(c(-c3ccc(N4CCNCC4)cc3)c1)C(=O)N(C1CCC(=O)NC1=O)C2,0.97,
cand_1528,COc1ccc(O)c2c1C(=O)N(C1CCC(=O)NC1=O)C2,0.915,
cand_1529,CCc1cc2c(cc1N)C(=O)N(C1CCC(=O)NC1=O)C2,0.94,
cand_1530,Cc1ccc2c(c1C(=O)O)CN(C1CCC(=O)NC1=O)C2=O,0.96,
cand_1531,CCc1ccc2c(c1-c1ccc(N3CCNCC3)cc1)C(=O)N(C1CCC(=O)NC1=O)C2,0.87,
cand_1532,O=C1CCC(N2C(=O)c3cc(Br)c(I)cc3C2=O)C(=O)N1,0.965,
cand_1533,CCc1cc2c(c([N+](=O)[O-])c1)C(=O)N(C1CCC(=O)NC1=O)C2=O,0.885,
cand_1534,O=C1CCC(N2C(=O)c3cc(-c4ccc(N5CCNCC5)cc4)cc([N+](=O)[O-])c3C2=O)C(=O)N1,0.855,
cand_1535,Nc1cc(Br)cc2c1C(=O)N(C1CCC(=O)NC1=O)C2,0.935,
cand_1536,NS(=O)(=O)c1cc2c(c(-c3ccc(N4CCNCC4)cc3)c1)C(=O)N(C1CCC(=O)NC1=O)C2=O,0.985,
cand_1537,NS(=O)(=O)c1cc2c(c([N+](=O)[O-])c1)C(=O)N(C1CCC(=O)NC1=O)C2,0.875,
cand_1538,O=C1CCC(N2Cc3cc(C(=O)O)cc(I)c3C2=O)C(=O)N1,0.905,
cand_1539,CNc1ccc2c(c1N)C(=O)N(C1CCC(=O)NC1=O)C2=O,0.92,
cand_1540,CNc1cc(O)cc2c1C(=O)N(C1CCC(=O)NC1=O)C2,0.945,
cand_1541,CN(C)c1cc2c(cc1C(F)(F)F)C(=O)N(C1CCC(=O)NC1=O)C2=O,0.94,
cand_1542,O=C1CCC(N2Cc3c(Br)ccc(C(F)(F)F)c3C2=O)C(=O)N1,0.91,
cand_1543,O=C1CCC(N2Cc3c(ccc(Br)c3[N+](=O)[O-])C2=O)C(=O)N1,0.935,
cand_1544,CNc1c(C(F)(F)F)ccc2c1C(=O)N(C1CCC(=O)NC1=O)C2=O,0.93,
cand_1545,CCc1cc2c(cc1N(C)C)C(=O)N(C1CCC(=O)NC1=O)C2,0.95,
cand_1546,O=C1CCC(N2Cc3cc(Cl)cc(I)c3C2=O)C(=O)N1,0.93,
cand_1547,NC(=O)c1cc(C(=O)O)cc2c1CN(C1CCC(=O)NC1=O)C2=O,0.915,
cand_1548,NS(=O)(=O)c1ccc(Cl)c2c1C(=O)N(C1CCC(=O)NC1=O)C2=O,0.915,
cand_1549,Cc1c(F)ccc2c1C(=O)N(C1CCC(=O)NC1=O)C2=O,0.935,
cand_1550,O=C1CCC(N2Cc3cc(O)cc(C(=O)O)c3C2=O)C(=O)N1,0.95,
cand_1551,N#Cc1cc2c(cc1Br)CN(C1CCC(=O)NC1=O)C2=O,0.97,
cand_1552,NC(=O)c1cc(O)cc2c1CN(C1CCC(=O)NC1=O)C2=O,0.92,
cand_1553,O=C1CCC(N2C(=O)c3cc(Br)cc(F)c3C2=O)C(=O)N1,0.94,
cand_1554,O=C1CCC(N2C(=O)c3ccc(Br)c([N+](=O)[O-])c3C2=O)C(=O)N1,0.93,
cand_1555,CCc1ccc2c(c1F)C(=O)N(C1CCC(=O)NC1=O)C2,0.83,
cand_1556,CNc1ccc(NC)c2c1CN(C1CCC(=O)NC1=O)C2=O,0.9,
cand_1557,NS(=O)(=O)c1cc2c(cc1[N+](=O)[O-])C(=O)N(C1CCC(=O)NC1=O)C2,0.9,
cand_1558,NC(=O)c1ccc2c(c1C(F)(F)F)C(=O)N(C1CCC(=O)NC1=O)C2,0.92,
cand_1559,CNc1ccc(N(C)C)c2c1CN(C1CCC(=O)NC1=O)C2=O,0.91,
cand_1560,COc1cc(O)cc2c1C(=O)N(C1CCC(=O)NC1=O)C2,0.93,
cand_1561,O=C1CCC(N2Cc3ccc(O)c(I)c3C2=O)C(=O)N1,0.955,
cand_1562,O=C1CCC(N2Cc3cc(Br)c(I)cc3C2=O)C(=O)N1,0.965,
cand_1563,NS(=O)(=O)c1ccc2c(c1[N+](=O)[O-])CN(C1CCC(=O)NC1=O)C2=O,0.925,
cand_1564,O=C1CCC(N2C(=O)c3ccc(Cl)c(I)c3C2=O)C(=O)N1,0.98,
cand_1565,O=C1CCC(N2Cc3cc(C(F)(F)F)cc(Br)c3C2=O)C(=O)N1,0.925,
cand_1566,NC(=O)c1ccc(O)c2c1C(=O)N(C1CCC(=O)NC1=O)C2=O,0.9,
cand_1567,N#Cc1cc(O)cc2c1CN(C1CCC(=O)NC1=O)C2=O,0.915,
cand_1568,CCc1cc(C(F)(F)F)cc2c1C(=O)N(C1CCC(=O)NC1=O)C2=O,0.935,
cand_1569,CNc1cc(I)c2c(c1)C(=O)N(C1CCC(=O)NC1=O)C2,0.9,
cand_1570,CNc1cc2c(c(C(F)(F)F)c1)C(=O)N(C1CCC(=O)NC1=O)C2,0.92,
cand_1571,NS(=O)(=O)c1ccc2c(c1S(N)(=O)=O)C(=O)N(C1CCC(=O)NC1=O)C2,0.94,
cand_1572,Cc1cc(Cl)cc2c1CN(C1CCC(=O)NC1=O)C2=O,0.865,
cand_1573,CNc1ccc2c(c1N(C)C)C(=O)N(C1CCC(=O)NC1=O)C2=O,0.975,
cand_1574,O=C1CCC(N2Cc3ccc(I)c(C(F)(F)F)c3C2=O)C(=O)N1,0.945,
cand_1575,O=C1CCC(N2Cc3c(Cl)cc(-c4ccc(N5CCNCC5)cc4)cc3C2=O)C(=O)N1,0.895,
cand_1576,CNc1ccc2c(c1OC)CN(C1CCC(=O)NC1=O)C2=O,0.91,
cand_1577,N#Cc1cc2c(cc1N)CN(C1CCC(=O)NC1=O)C2=O,0.94,
cand_1578,O=C1CCC(N2C(=O)c3cc(C(=O)O)cc(I)c3C2=O)C(=O)N1,0.93,
cand_1579,COc1cc2c(cc1F)C(=O)N(C1CCC(=O)NC1=O)C2=O,0.97,
cand_1580,COc1c(Cl)ccc2c1C(=O)N(C1CCC(=O)NC1=O)C2,0.86,
cand_1581,CCc1cc(C)c2c(c1)C(=O)N(C1CCC(=O)NC1=O)C2,0.905,
cand_1582,O=C1CCC(N2C(=O)c3cc(F)cc(Br)c3C2=O)C(=O)N1,0.955,
cand_1583,N#Cc1ccc2c(c1[N+](=O)[O-])C(=O)N(C1CCC(=O)NC1=O)C2=O,0.895,
cand_1584,COc1ccc2c(c1N(C)C)C(=O)N(C1CCC(=O)NC1=O)C2,0.955,
cand_1585,CCc1ccc2c(c1F)CN(C1CCC(=O)NC1=O)C2=O,0.89,
cand_1586,NS(=O)(=O)c1c(Br)ccc2c1C(=O)N(C1CCC(=O)NC1=O)C2,0.895,
cand_1587,CCc1c([N+](=O)[O-])ccc2c1CN(C1CCC(=O)NC1=O)C2=O,0.905,
cand_1588,CNc1cc(N)cc2c1C(=O)N(C1CCC(=O)NC1=O)C2=O,0.93,
cand_1589,Nc1cc(C(F)(F)F)cc2c1C(=O)N(C1CCC(=O)NC1=O)C2=O,0.935,
cand_1590,O=C1CCC(N2C(=O)c3c(Cl)ccc(Br)c3C2=O)C(=O)N1,0.94,
cand_1591,O=C1CCC(N2Cc3ccc(-c4ccc(N5CCNCC5)cc4)c(Cl)c3C2=O)C(=O)N1,0.975,
cand_1592,CCc1ccc2c(c1S(N)(=O)=O)CN(C1CCC(=O)NC1=O)C2=O,0.875,
cand_1593,CN(C)c1c(Br)ccc2c1C(=O)N(C1CCC(=O)NC1=O)C2=O,0.985,
cand_1594,CCc1cc(O)cc2c1C(=O)N(C1CCC(=O)NC1=O)C2=O,0.96,
cand_1595,O=C1CCC(N2Cc3ccc(Cl)c(C(=O)O)c3C2=O)C(=O)N1,0.945,
cand_1596,CCc1cc2c(cc1S(N)(=O)=O)C(=O)N(C1CCC(=O)NC1=O)C2=O,0.925,
cand_1597,O=C1CCC(N2Cc3cc(Br)cc(Br)c3C2=O)C(=O)N1,0.94,
cand_1598,COc1cc2c(cc1O)C(=O)N(C1CCC(=O)NC1=O)C2=O,0.99,
cand_1599,O=C1CCC(N2C(=O)c3c(O)ccc(I)c3C2=O)C(=O)N1,0.915,
cand_1600,NC(=O)c1ccc(C(F)(F)F)c2c1C(=O)N(C1CCC(=O)NC1=O)C2=O,0.835,
cand_1601,NC(=O)c1ccc2c(c1O)CN(C1CCC(=O)NC1=O)C2=O,0.98,
cand_1602,Nc1c(-c2ccc(N3CCNCC3)cc2)ccc2c1C(=O)N(C1CCC(=O)NC1=O)C2=O,0.99,
cand_1603,CCc1ccc2c(c1C(=O)O)C(=O)N(C1CCC(=O)NC1=O)C2=O,0.885,
cand_1604,Nc1cc2c(cc1F)CN(C1CCC(=O)NC1=O)C2=O,0.975,
cand_1605,COc1cc(C(F)(F)F)cc2c1CN(C1CCC(=O)NC1=O)C2=O,0.94,
cand_1606,O=C1CCC(N2Cc3cc(C(F)(F)F)c(Cl)cc3C2=O)C(=O)N1,0.925,
cand_1607,CNc1cc(I)cc2c1CN(C1CCC(=O)NC1=O)C2=O,0.91,
cand_1608,O=C1CCC(N2Cc3c(ccc([N+](=O)[O-])c3C(F)(F)F)C2=O)C(=O)N1,0.935,
cand_1609,Cc1ccc(S(N)(=O)=O)c2c1CN(C1CCC(=O)NC1=O)C2=O,0.89,
cand_1610,CNc1cc2c(cc1N)C(=O)N(C1CCC(=O)NC1=O)C2=O,0.925,
cand_1611,CCc1cc(OC)c2c(c1)C(=O)N(C1CCC(=O)NC1=O)C2,0.925,
cand_1612,CCc1ccc(OC)c2c1C(=O)N(C1CCC(=O)NC1=O)C2=O,0.89,
cand_1613,CN(C)c1cc2c(cc1[N+](=O)[O-])C(=O)N(C1CCC(=O)NC1=O)C2,0.92,
cand_1614,N#Cc1cc(Cl)c2c(c1)C(=O)N(C1CCC(=O)NC1=O)C2,0.9,
cand_1615,Nc1cc(O)cc2c1C(=O)N(C1CCC(=O)NC1=O)C2,0.93,
cand_1616,Nc1ccc(N)c2c1CN(C1CCC(=O)NC1=O)C2=O,0.92,
cand_1617,O=C1CCC(N2C(=O)c3cc([N+](=O)[O-])c(C(F)(F)F)cc3C2=O)C(=O)N1,0.85,
cand_1618,O=C1CCC(N2Cc3cc(I)c(C(=O)O)cc3C2=O)C(=O)N1,0.915,
cand_1619,CN(C)c1ccc(F)c2c1CN(C1CCC(=O)NC1=O)C2=O,0.93,
cand_1620,NS(=O)(=O)c1cc(Cl)c2c(c1)C(=O)N(C1CCC(=O)NC1=O)C2,0.915,
cand_1621,Nc1cc2c(cc1C(=O)O)C(=O)N(C1CCC(=O)NC1=O)C2=O,0.95,
cand_1622,COc1cc(C(F)(F)F)cc2c1C(=O)N(C1CCC(=O)NC1=O)C2=O,0.965,
cand_1623,CN(C)c1c(F)ccc2c1C(=O)N(C1CCC(=O)NC1=O)C2=O,0.975,
cand_1624,O=C1CCC(N2C(=O)c3cc(C(F)(F)F)cc(I)c3C2=O)C(=O)N1,0.935,
cand_1625,NS(=O)(=O)c1ccc2c(c1C(=O)O)C(=O)N(C1CCC(=O)NC1=O)C2,0.935,
cand_1626,NS(=O)(=O)c1cc([N+](=O)[O-])cc2c1C(=O)N(C1CCC(=O)NC1=O)C2,0.875,
cand_1627,N#Cc1cc2c(c(S(N)(=O)=O)c1)C(=O)N(C1CCC(=O)NC1=O)C2=O,0.905,
cand_1628,O=C1CCC(N2Cc3ccc(O)c(Cl)c3C2=O)C(=O)N1,0.97,
cand_1629,O=C1CCC(N2Cc3c(C(=O)O)cc(F)cc3C2=O)C(=O)N1,0.935,
cand_1630,CN(C)c1c(Br)ccc2c1C(=O)N(C1CCC(=O)NC1=O)C2,0.94,
cand_1631,COc1cc(C(N)=O)cc2c1CN(C1CCC(=O)NC1=O)C2=O,0.88,
cand_1632,O=C1CCC(N2Cc3c(ccc([N+](=O)[O-])c3[N+](=O)[O-])C2=O)C(=O)N1,0.93,
cand_1633,CNc1cc2c(cc1N(C)C)CN(C1CCC(=O)NC1=O)C2=O,0.945,
cand_1634,CNc1c(C#N)ccc2c1C(=O)N(C1CCC(=O)NC1=O)C2=O,0.925,
cand_1635,N#Cc1cc2c(cc1C(=O)O)CN(C1CCC(=O)NC1=O)C2=O,0.915,
cand_1636,CCc1cc(Cl)c2c(c1)C(=O)N(C1CCC(=O)NC1=O)C2,0.89,
cand_1637,O=C1CCC(N2C(=O)c3ccc(C(=O)O)c(Cl)c3C2=O)C(=O)N1,0.96,
cand_1638,O=C1CCC(N2C(=O)c3cc([N+](=O)[O-])cc(Cl)c3C2=O)C(=O)N1,0.905,
cand_1639,O=C1CCC(N2C(=O)c3cc(Cl)c([N+](=O)[O-])cc3C2=O)C(=O)N1,0.92,
cand_1640,O=C1CCC(N2C(=O)c3cc(-c4ccc(N5CCNCC5)cc4)c(-c4ccc(N5CCNCC5)cc4)cc3C2=O)C(=O)N1,1.0,
cand_1641,Nc1cc(S(N)(=O)=O)cc2c1C(=O)N(C1CCC(=O)NC1=O)C2,0.92,
cand_1642,NC(=O)c1ccc(-c2ccc(N3CCNCC3)cc2)c2c1C(=O)N(C1CCC(=O)NC1=O)C2,0.975,
cand_1643,CNc1c(C(F)(F)F)ccc2c1C(=O)N(C1CCC(=O)NC1=O)C2,0.91,
cand_1644,O=C1CCC(N2C(=O)c3cc([N+](=O)[O-])cc([N+](=O)[O-])c3C2=O)C(=O)N1,0.91,
cand_1645,CCc1cc2c(cc1S(N)(=O)=O)C(=O)N(C1CCC(=O)NC1=O)C2,0.925,
cand_1646,NS(=O)(=O)c1ccc2c(c1C(F)(F)F)C(=O)N(C1CCC(=O)NC1=O)C2,0.915,
cand_1647,O=C1CCC(N2Cc3c(ccc(Br)c3O)C2=O)C(=O)N1,0.98,
cand_1648,O=C1CCC(N2C(=O)c3cc(O)cc(Br)c3C2=O)C(=O)N1,0.98,
cand_1649,N#Cc1ccc2c(c1C(N)=O)C(=O)N(C1CCC(=O)NC1=O)C2=O,0.955,
cand_1650,CCc1c(F)ccc2c1C(=O)N(C1CCC(=O)NC1=O)C2=O,0.955,
cand_1651,O=C1CCC(N2Cc3c(ccc(C(=O)O)c3F)C2=O)C(=O)N1,0.995,
cand_1652,O=C1CCC(N2Cc3cc(C(=O)O)c(C(=O)O)cc3C2=O)C(=O)N1,0.93,
cand_1653,Cc1cc(C(N)=O)c2c(c1)C(=O)N(C1CCC(=O)NC1=O)C2,0.905,
cand_1654,CN(C)c1ccc(N)c2c1C(=O)N(C1CCC(=O)NC1=O)C2=O,0.915,
cand_1655,O=C1CCC(N2Cc3cc(C(F)(F)F)c(-c4ccc(N5CCNCC5)cc4)cc3C2=O)C(=O)N1,0.985,
cand_1656,COc1cc2c(cc1C(N)=O)C(=O)N(C1CCC(=O)NC1=O)C2,0.965,
cand_1657,COc1c(I)ccc2c1C(=O)N(C1CCC(=O)NC1=O)C2,0.87,
cand_1658,CCc1c(C(=O)O)ccc2c1C(=O)N(C1CCC(=O)NC1=O)C2=O,0.955,
cand_1659,COc1c([N+](=O)[O-])ccc2c1C(=O)N(C1CCC(=O)NC1=O)C2,0.8,
cand_1660,NC(=O)c1ccc2c(c1C(N)=O)C(=O)N(C1CCC(=O)NC1=O)C2,0.935,
cand_1661,Nc1cc(I)cc2c1C(=O)N(C1CCC(=O)NC1=O)C2,0.935,
cand_1662,CCc1cc(N(C)C)cc2c1C(=O)N(C1CCC(=O)NC1=O)C2,0.91,
cand_1663,O=C1CCC(N2Cc3ccc([N+](=O)[O-])c(I)c3C2=O)C(=O)N1,0.895,
cand_1664,O=C1CCC(N2Cc3ccc([N+](=O)[O-])c(O)c3C2=O)C(=O)N1,0.905,
cand_1665,COc1c(C(N)=O)ccc2c1C(=O)N(C1CCC(=O)NC1=O)C2=O,0.92,
cand_1666,O=C1CCC(N2Cc3c(Cl)cc(Cl)cc3C2=O)C(=O)N1,0.93,
cand_1667,CNc1cc2c(cc1-c1ccc(N3CCNCC3)cc1)CN(C1CCC(=O)NC1=O)C2=O,0.975,
cand_1668,CNc1cc2c(c(-c3ccc(N4CCNCC4)cc3)c1)C(=O)N(C1CCC(=O)NC1=O)C2,0.975,
cand_1669,CCc1cc(O)c2c(c1)C(=O)N(C1CCC(=O)NC1=O)C2=O,0.96,
cand_1670,CNc1ccc2c(c1OC)C(=O)N(C1CCC(=O)NC1=O)C2=O,0.925,
cand_1671,O=C1CCC(N2Cc3cc(C(F)(F)F)c(O)cc3C2=O)C(=O)N1,0.985,
cand_1672,COc1cc(N)cc2c1CN(C1CCC(=O)NC1=O)C2=O,0.915,
cand_1673,CCc1cc(N)cc2c1C(=O)N(C1CCC(=O)NC1=O)C2=O,0.925,
cand_1674,Cc1cc(Cl)cc2c1C(=O)N(C1CCC(=O)NC1=O)C2=O,0.94,
cand_1675,NS(=O)(=O)c1ccc(S(N)(=O)=O)c2c1C(=O)N(C1CCC(=O)NC1=O)C2=O,0.92,
cand_1676,O=C1CCC(N2Cc3cc(Br)cc(C(F)(F)F)c3C2=O)C(=O)N1,0.9,
cand_1677,O=C1CCC(N2C(=O)c3c(Cl)ccc(Cl)c3C2=O)C(=O)N1,0.945,
cand_1678,CNc1cc2c(cc1N(C)C)C(=O)N(C1CCC(=O)NC1=O)C2,0.97,
cand_1679,COc1ccc2c(c1Br)C(=O)N(C1CCC(=O)NC1=O)C2,0.93,
cand_1680,O=C1CCC(N2Cc3ccc(-c4ccc(N5CCNCC5)cc4)c(I)c3C2=O)C(=O)N1,0.975,
cand_1681,Nc1cc2c(c([N+](=O)[O-])c1)CN(C1CCC(=O)NC1=O)C2=O,0.835,
cand_1682,NC(=O)c1cc2c(cc1F)CN(C1CCC(=O)NC1=O)C2=O,0.955,
cand_1683,Cc1ccc2c(c1C(F)(F)F)CN(C1CCC(=O)NC1=O)C2=O,0.97,
cand_1684,Cc1c(I)ccc2c1C(=O)N(C1CCC(=O)NC1=O)C2=O,0.955,
cand_1685,O=C1CCC(N2Cc3c(cc(C(F)(F)F)cc3[N+](=O)[O-])C2=O)C(=O)N1,0.89,
cand_1686,COc1c(I)ccc2c1C(=O)N(C1CCC(=O)NC1=O)C2=O,0.92,
cand_1687,CNc1c(Cl)ccc2c1C(=O)N(C1CCC(=O)NC1=O)C2=O,0.97,
cand_1688,O=C1CCC(N2Cc3cc(C(=O)O)cc(-c4ccc(N5CCNCC5)cc4)c3C2=O)C(=O)N1,0.98,
cand_1689,Cc1cc(Br)c2c(c1)CN(C1CCC(=O)NC1=O)C2=O,0.91,
cand_1690,Nc1ccc2c(c1N)CN(C1CCC(=O)NC1=O)C2=O,0.985,
cand_1691,O=C1CCC(N2Cc3c(ccc(-c4ccc(N5CCNCC5)cc4)c3F)C2=O)C(=O)N1,0.99,
cand_1692,Cc1cc2c(c(S(N)(=O)=O)c1)C(=O)N(C1CCC(=O)NC1=O)C2,0.91,
cand_1693,N#Cc1ccc(O)c2c1C(=O)N(C1CCC(=O)NC1=O)C2=O,0.9,
cand_1694,COc1ccc(F)c2c1C(=O)N(C1CCC(=O)NC1=O)C2=O,0.915,
cand_1695,CN(C)c1cc2c(c([N+](=O)[O-])c1)C(=O)N(C1CCC(=O)NC1=O)C2=O,0.91,
cand_1696,O=C1CCC(N2C(=O)c3c(Br)ccc(C(=O)O)c3C2=O)C(=O)N1,0.905,
cand_1697,O=C1CCC(N2C(=O)c3c(I)ccc(C(F)(F)F)c3C2=O)C(=O)N1,0.855,
cand_1698,CN(C)c1cc2c(c(N(C)C)c1)CN(C1CCC(=O)NC1=O)C2=O,0.935,
cand_1699,NC(=O)c1cc(S(N)(=O)=O)cc2c1CN(C1CCC(=O)NC1=O)C2=O,0.915,
cand_1700,Nc1c(-c2ccc(N3CCNCC3)cc2)ccc2c1CN(C1CCC(=O)NC1=O)C2=O,0.995,
cand_1701,CNc1ccc2c(c1O)C(=O)N(C1CCC(=O)NC1=O)C2=O,0.98,
cand_1702,Cc1cc2c(cc1C)C(=O)N(C1CCC(=O)NC1=O)C2,0.965,
cand_1703,O=C1CCC(N2Cc3cc(-c4ccc(N5CCNCC5)cc4)cc(Br)c3C2=O)C(=O)N1,0.915,
cand_1704,CCc1cc(Br)cc2c1CN(C1CCC(=O)NC1=O)C2=O,0.925,
cand_1705,Cc1ccc2c(c1C(N)=O)CN(C1CCC(=O)NC1=O)C2=O,0.955,
cand_1706,CNc1cc(O)cc2c1C(=O)N(C1CCC(=O)NC1=O)C2=O,0.97,
cand_1707,CCc1cc2c(c(C(F)(F)F)c1)CN(C1CCC(=O)NC1=O)C2=O,0.93,
cand_1708,NS(=O)(=O)c1cc(O)c2c(c1)CN(C1CCC(=O)NC1=O)C2=O,0.925,
cand_1709,O=C1CCC(N2C(=O)c3c(O)ccc(Cl)c3C2=O)C(=O)N1,0.935,
cand_1710,NS(=O)(=O)c1c(O)ccc2c1C(=O)N(C1CCC(=O)NC1=O)C2,0.945,
cand_1711,COc1cc2c(c(C(=O)O)c1)C(=O)N(C1CCC(=O)NC1=O)C2,0.935,
cand_1712,COc1cc(S(N)(=O)=O)cc2c1C(=O)N(C1CCC(=O)NC1=O)C2,0.91,
cand_1713,COc1cc(N)c2c(c1)C(=O)N(C1CCC(=O)NC1=O)C2,0.905,
cand_1714,CN(C)c1cc(Cl)cc2c1C(=O)N(C1CCC(=O)NC1=O)C2,0.935,
cand_1715,O=C1CCC(N2Cc3cc(F)cc(C(F)(F)F)c3C2=O)C(=O)N1,0.94,
cand_1716,NC(=O)c1cc(F)cc2c1CN(C1CCC(=O)NC1=O)C2=O,0.905,
cand_1717,NS(=O)(=O)c1ccc(I)c2c1C(=O)N(C1CCC(=O)NC1=O)C2=O,0.9,
cand_1718,CCc1cc(C)c2c(c1)C(=O)N(C1CCC(=O)NC1=O)C2=O,0.93,
cand_1719,O=C1CCC(N2C(=O)c3ccc(-c4ccc(N5CCNCC5)cc4)c(Br)c3C2=O)C(=O)N1,0.985,
cand_1720,CN(C)c1cc([N+](=O)[O-])cc2c1C(=O)N(C1CCC(=O)NC1=O)C2,0.895,
cand_1721,O=C1CCC(N2Cc3ccc(F)c(Cl)c3C2=O)C(=O)N1,0.94,
cand_1722,N#Cc1ccc2c(c1C(N)=O)C(=O)N(C1CCC(=O)NC1=O)C2,0.95,
cand_1723,NS(=O)(=O)c1cc2c(cc1-c1ccc(N3CCNCC3)cc1)C(=O)N(C1CCC(=O)NC1=O)C2=O,0.97,
cand_1724,CN(C)c1cc(Br)c2c(c1)C(=O)N(C1CCC(=O)NC1=O)C2=O,0.98,
cand_1725,CCc1cc(S(N)(=O)=O)cc2c1C(=O)N(C1CCC(=O)NC1=O)C2,0.89,
cand_1726,O=C1CCC(N2Cc3c(Cl)ccc(O)c3C2=O)C(=O)N1,0.925,
cand_1727,O=C1CCC(N2Cc3c(Br)cc(C(=O)O)cc3C2=O)C(=O)N1,0.93,
cand_1728,COc1ccc2c(c1C(N)=O)C(=O)N(C1CCC(=O)NC1=O)C2,0.94,
cand_1729,CCc1cc(C(N)=O)cc2c1CN(C1CCC(=O)NC1=O)C2=O,0.88,
cand_1730,CN(C)c1cc(C(F)(F)F)cc2c1C(=O)N(C1CCC(=O)NC1=O)C2=O,0.96,
cand_1731,O=C1CCC(N2C(=O)c3c(Cl)ccc(C(F)(F)F)c3C2=O)C(=O)N1,0.88,
cand_1732,Nc1ccc2c(c1Cl)C(=O)N(C1CCC(=O)NC1=O)C2,0.94,
cand_1733,NS(=O)(=O)c1c(Br)ccc2c1CN(C1CCC(=O)NC1=O)C2=O,0.91,
cand_1734,COc1c(C(F)(F)F)ccc2c1C(=O)N(C1CCC(=O)NC1=O)C2=O,0.9,
cand_1735,NC(=O)c1cc2c(c([N+](=O)[O-])c1)CN(C1CCC(=O)NC1=O)C2=O,0.835,
cand_1736,CN(C)c1ccc2c(c1Cl)C(=O)N(C1CCC(=O)NC1=O)C2,0.945,
cand_1737,O=C1CCC(N2Cc3ccc(Br)c(C(=O)O)c3C2=O)C(=O)N1,0.935,
cand_1738,CN(C)c1ccc(C(=O)O)c2c1CN(C1CCC(=O)NC1=O)C2=O,0.925,
cand_1739,NC(=O)c1cc(F)cc2c1C(=O)N(C1CCC(=O)NC1=O)C2,0.91,
cand_1740,CNc1cc2c(cc1I)C(=O)N(C1CCC(=O)NC1=O)C2=O,0.91,
cand_1741,CCc1cc(-c2ccc(N3CCNCC3)cc2)cc2c1CN(C1CCC(=O)NC1=O)C2=O,0.9,
cand_1742,COc1c(C(=O)O)ccc2c1C(=O)N(C1CCC(=O)NC1=O)C2=O,0.925,
cand_1743,CNc1ccc(C(=O)O)c2c1C(=O)N(C1CCC(=O)NC1=O)C2,0.915,
cand_1744,O=C1CCC(N2Cc3cc([N+](=O)[O-])cc(Cl)c3C2=O)C(=O)N1,0.895,
cand_1745,COc1cc(N)c2c(c1)CN(C1CCC(=O)NC1=O)C2=O,0.92,
cand_1746,Cc1ccc2c(c1I)C(=O)N(C1CCC(=O)NC1=O)C2=O,0.955,
cand_1747,N#Cc1cc(O)cc2c1C(=O)N(C1CCC(=O)NC1=O)C2,0.94,
cand_1748,COc1cc(C(=O)O)c2c(c1)C(=O)N(C1CCC(=O)NC1=O)C2=O,0.955,
cand_1749,NC(=O)c1cc(Cl)c2c(c1)C(=O)N(C1CCC(=O)NC1=O)C2,0.875,
cand_1750,Cc1cc(C(=O)O)cc2c1CN(C1CCC(=O)NC1=O)C2=O,0.915,
cand_1751,O=C1CCC(N2Cc3c(ccc(C(=O)O)c3[N+](=O)[O-])C2=O)C(=O)N1,0.935,
cand_1752,O=C1CCC(N2C(=O)c3cc(C(=O)O)cc(C(F)(F)F)c3C2=O)C(=O)N1,0.935,
cand_1753,N#Cc1cc(I)c2c(c1)C(=O)N(C1CCC(=O)NC1=O)C2=O,0.92,
cand_1754,CN(C)c1cc2c(cc1N(C)C)C(=O)N(C1CCC(=O)NC1=O)C2,0.975,
cand_1755,O=C1CCC(N2C(=O)c3cc(I)cc([N+](=O)[O-])c3C2=O)C(=O)N1,0.885,
cand_1756,Cc1cc(I)c2c(c1)C(=O)N(C1CCC(=O)NC1=O)C2=O,0.93,
cand_1757,N#Cc1cc(Cl)cc2c1C(=O)N(C1CCC(=O)NC1=O)C2,0.945,
cand_1758,CCc1ccc(C)c2c1CN(C1CCC(=O)NC1=O)C2=O,0.795,
cand_1759,CNc1cc2c(cc1O)CN(C1CCC(=O)NC1=O)C2=O,0.935,
cand_1760,Cc1cc(O)c2c(c1)C(=O)N(C1CCC(=O)NC1=O)C2=O,0.96,
cand_1761,CNc1ccc2c(c1F)C(=O)N(C1CCC(=O)NC1=O)C2,0.93,
cand_1762,Cc1cc([N+](=O)[O-])cc2c1C(=O)N(C1CCC(=O)NC1=O)C2=O,0.86,
cand_1763,CCc1ccc(Br)c2c1CN(C1CCC(=O)NC1=O)C2=O,0.83,
cand_1764,CN(C)c1ccc(Br)c2c1C(=O)N(C1CCC(=O)NC1=O)C2=O,0.94,
cand_1765,Nc1ccc2c(c1[N+](=O)[O-])C(=O)N(C1CCC(=O)NC1=O)C2,0.885,
cand_1766,Cc1c(O)ccc2c1C(=O)N(C1CCC(=O)NC1=O)C2,0.94,
cand_1767,Cc1cc(C)c2c(c1)CN(C1CCC(=O)NC1=O)C2=O,0.905,
cand_1768,CCc1cc2c(cc1C(F)(F)F)C(=O)N(C1CCC(=O)NC1=O)C2=O,0.92,
cand_1769,CNc1cc(Br)cc2c1C(=O)N(C1CCC(=O)NC1=O)C2,0.94,
cand_1770,NC(=O)c1cc2c(cc1O)C(=O)N(C1CCC(=O)NC1=O)C2=O,0.96,
cand_1771,Cc1cc2c(cc1C(F)(F)F)CN(C1CCC(=O)NC1=O)C2=O,0.975,
cand_1772,Cc1cc(O)cc2c1CN(C1CCC(=O)NC1=O)C2=O,0.92,
cand_1773,COc1ccc(C(F)(F)F)c2c1C(=O)N(C1CCC(=O)NC1=O)C2=O,0.885,
cand_1774,CNc1cc2c(c(NC)c1)C(=O)N(C1CCC(=O)NC1=O)C2,0.945,
cand_1775,N#Cc1ccc2c(c1C(N)=O)CN(C1CCC(=O)NC1=O)C2=O,0.97,
cand_1776,O=C1CCC(N2C(=O)c3c(F)ccc(I)c3C2=O)C(=O)N1,0.885,
cand_1777,CNc1ccc2c(c1C#N)C(=O)N(C1CCC(=O)NC1=O)C2=O,0.935,
cand_1778,CCc1cc2c(c(S(N)(=O)=O)c1)CN(C1CCC(=O)NC1=O)C2=O,0.905,
cand_1779,NC(=O)c1cc(N)c2c(c1)C(=O)N(C1CCC(=O)NC1=O)C2,0.855,
cand_1780,CCc1ccc(N)c2c1CN(C1CCC(=O)NC1=O)C2=O,0.815,
cand_1781,Nc1c(C(=O)O)ccc2c1C(=O)N(C1CCC(=O)NC1=O)C2,0.93,
cand_1782,Nc1c(Cl)ccc2c1C(=O)N(C1CCC(=O)NC1=O)C2=O,0.97,
cand_1783,N#Cc1cc(Br)c2c(c1)CN(C1CCC(=O)NC1=O)C2=O,0.91,
cand_1784,NS(=O)(=O)c1cc2c(cc1-c1ccc(N3CCNCC3)cc1)C(=O)N(C1CCC(=O)NC1=O)C2,0.985,
cand_1785,CCc1cc2c(c(S(N)(=O)=O)c1)C(=O)N(C1CCC(=O)NC1=O)C2,0.91,
cand_1786,Cc1cc(Cl)cc2c1C(=O)N(C1CCC(=O)NC1=O)C2,0.885,
cand_1787,COc1ccc2c(c1C(F)(F)F)C(=O)N(C1CCC(=O)NC1=O)C2,0.945,
cand_1788,NS(=O)(=O)c1cc(C(=O)O)c2c(c1)C(=O)N(C1CCC(=O)NC1=O)C2,0.93,
cand_1789,N#Cc1cc2c(cc1C(N)=O)CN(C1CCC(=O)NC1=O)C2=O,0.885,
cand_1790,NS(=O)(=O)c1cc2c(cc1-c1ccc(N3CCNCC3)cc1)CN(C1CCC(=O)NC1=O)C2=O,0.975,
cand_1791,COc1c(Cl)ccc2c1C(=O)N(C1CCC(=O)NC1=O)C2=O,0.905,
cand_1792,CCc1cc2c(cc1CC)C(=O)N(C1CCC(=O)NC1=O)C2=O,0.965,
cand_1793,COc1c(Br)ccc2c1C(=O)N(C1CCC(=O)NC1=O)C2,0.875,
cand_1794,O=C1CCC(N2Cc3cc(C(=O)O)cc(Cl)c3C2=O)C(=O)N1,0.935,
cand_1795,Cc1cc2c(cc1C(=O)O)C(=O)N(C1CCC(=O)NC1=O)C2,0.97,
cand_1796,O=C1CCC(N2Cc3c(ccc(Cl)c3I)C2=O)C(=O)N1,0.975,
cand_1797,Cc1cc(N)c2c(c1)C(=O)N(C1CCC(=O)NC1=O)C2=O,0.935,
cand_1798,CNc1ccc2c(c1NC)CN(C1CCC(=O)NC1=O)C2=O,0.98,
cand_1799,O=C1CCC(N2Cc3c(ccc(Cl)c3C(=O)O)C2=O)C(=O)N1,0.98,
cand_1800,O=C1CCC(N2C(=O)c3ccc(-c4ccc(N5CCNCC5)cc4)c(C(F)(F)F)c3C2=O)C(=O)N1,0.96,
cand_1801,CNc1ccc(O)c2c1C(=O)N(C1CCC(=O)NC1=O)C2,0.92,
cand_1802,O=C1CCC(N2Cc3c(ccc(F)c3O)C2=O)C(=O)N1,0.99,
cand_1803,O=C1CCC(N2C(=O)c3c(Br)ccc(-c4ccc(N5CCNCC5)cc4)c3C2=O)C(=O)N1,0.98,
cand_1804,CCc1c(-c2ccc(N3CCNCC3)cc2)ccc2c1C(=O)N(C1CCC(=O)NC1=O)C2,0.955,
cand_1805,O=C1CCC(N2Cc3cc(C(F)(F)F)c(F)cc3C2=O)C(=O)N1,0.98,
cand_1806,CN(C)c1ccc(-c2ccc(N3CCNCC3)cc2)c2c1C(=O)N(C1CCC(=O)NC1=O)C2,0.985,
cand_1807,NC(=O)c1ccc2c(c1[N+](=O)[O-])C(=O)N(C1CCC(=O)NC1=O)C2=O,0.905,
cand_1808,O=C1CCC(N2Cc3cc(F)c(F)cc3C2=O)C(=O)N1,0.98,
cand_1809,NS(=O)(=O)c1cc(Br)c2c(c1)C(=O)N(C1CCC(=O)NC1=O)C2=O,0.96,
cand_1810,O=C1CCC(N2C(=O)c3c(Br)ccc(C(F)(F)F)c3C2=O)C(=O)N1,0.875,
cand_1811,NS(=O)(=O)c1ccc(Cl)c2c1CN(C1CCC(=O)NC1=O)C2=O,0.92,
cand_1812,COc1ccc2c(c1Cl)C(=O)N(C1CCC(=O)NC1=O)C2=O,1.0,
cand_1813,N#Cc1cc(F)cc2c1CN(C1CCC(=O)NC1=O)C2=O,0.925,
cand_1814,O=C1CCC(N2C(=O)c3ccc([N+](=O)[O-])c(O)c3C2=O)C(=O)N1,0.925,
cand_1815,CCc1cc(F)cc2c1C(=O)N(C1CCC(=O)NC1=O)C2=O,0.94,
cand_1816,O=C1CCC(N2Cc3ccc(C(=O)O)c(-c4ccc(N5CCNCC5)cc4)c3C2=O)C(=O)N1,0.975,
cand_1817,N#Cc1c(-c2ccc(N3CCNCC3)cc2)ccc2c1CN(C1CCC(=O)NC1=O)C2=O,0.98,
cand_1818,CN(C)c1ccc(C(F)(F)F)c2c1CN(C1CCC(=O)NC1=O)C2=O,0.915,
cand_1819,Cc1cc(C(N)=O)cc2c1CN(C1CCC(=O)NC1=O)C2=O,0.87,
cand_1820,N#Cc1cc(C(=O)O)c2c(c1)C(=O)N(C1CCC(=O)NC1=O)C2=O,0.935,
cand_1821,Cc1ccc(C#N)c2c1CN(C1CCC(=O)NC1=O)C2=O,0.895,
cand_1822,NC(=O)c1cc(S(N)(=O)=O)cc2c1C(=O)N(C1CCC(=O)NC1=O)C2,0.915,
cand_1823,O=C1CCC(N2Cc3cc(Br)cc(O)c3C2=O)C(=O)N1,0.94,
cand_1824,CNc1ccc([N+](=O)[O-])c2c1CN(C1CCC(=O)NC1=O)C2=O,0.825,
cand_1825,CCc1cc2c(cc1[N+](=O)[O-])C(=O)N(C1CCC(=O)NC1=O)C2,0.875,
cand_1826,Cc1cc(C)c2c(c1)C(=O)N(C1CCC(=O)NC1=O)C2=O,0.915,
cand_1827,NS(=O)(=O)c1cc2c(cc1F)C(=O)N(C1CCC(=O)NC1=O)C2,0.97,
cand_1828,CCc1ccc(C(F)(F)F)c2c1C(=O)N(C1CCC(=O)NC1=O)C2=O,0.8,
cand_1829,CNc1cc(N)c2c(c1)C(=O)N(C1CCC(=O)NC1=O)C2=O,0.95,
cand_1830,O=C1CCC(N2Cc3c(F)cc(C(=O)O)cc3C2=O)C(=O)N1,0.925,
cand_1831,COc1ccc2c(c1[N+](=O)[O-])C(=O)N(C1CCC(=O)NC1=O)C2=O,0.93,
cand_1832,O=C1CCC(N2Cc3c(cc(O)cc3C(F)(F)F)C2=O)C(=O)N1,0.945,
cand_1833,Cc1c(C#N)ccc2c1C(=O)N(C1CCC(=O)NC1=O)C2,0.935,
cand_1834,Cc1ccc2c(c1C(=O)O)C(=O)N(C1CCC(=O)NC1=O)C2=O,0.95,
cand_1835,O=C1CCC(N2C(=O)c3cc(I)c(-c4ccc(N5CCNCC5)cc4)cc3C2=O)C(=O)N1,0.99,
cand_1836,O=C1CCC(N2Cc3cc(Cl)c(C(F)(F)F)cc3C2=O)C(=O)N1,0.875,
cand_1837,O=C1CCC(N2Cc3c(F)ccc(Br)c3C2=O)C(=O)N1,0.915,
cand_1838,O=C1CCC(N2Cc3cc(Br)cc(I)c3C2=O)C(=O)N1,0.91,
cand_1839,N#Cc1ccc(C(F)(F)F)c2c1C(=O)N(C1CCC(=O)NC1=O)C2=O,0.845,
cand_1840,NC(=O)c1cc2c(c(C(=O)O)c1)C(=O)N(C1CCC(=O)NC1=O)C2,0.89,
cand_1841,COc1cc2c(c(S(N)(=O)=O)c1)C(=O)N(C1CCC(=O)NC1=O)C2=O,0.945,
cand_1842,O=C1CCC(N2Cc3cc([N+](=O)[O-])cc([N+](=O)[O-])c3C2=O)C(=O)N1,0.895,
cand_1843,COc1cc(C(F)(F)F)cc2c1C(=O)N(C1CCC(=O)NC1=O)C2,0.915,
cand_1844,Cc1cc2c(cc1Br)C(=O)N(C1CCC(=O)NC1=O)C2=O,0.96,
cand_1845,N#Cc1ccc2c(c1C(F)(F)F)C(=O)N(C1CCC(=O)NC1=O)C2=O,0.925,
cand_1846,Cc1cc(O)cc2c1C(=O)N(C1CCC(=O)NC1=O)C2=O,0.96,
cand_1847,CN(C)c1ccc(C(=O)O)c2c1C(=O)N(C1CCC(=O)NC1=O)C2=O,0.905,
cand_1848,NC(=O)c1cc2c(cc1O)CN(C1CCC(=O)NC1=O)C2=O,0.96,
cand_1849,CN(C)c1ccc2c(c1F)C(=O)N(C1CCC(=O)NC1=O)C2=O,0.965,
cand_1850,COc1cc2c(c(C(F)(F)F)c1)CN(C1CCC(=O)NC1=O)C2=O,0.94,
cand_1851,Nc1c(Br)ccc2c1C(=O)N(C1CCC(=O)NC1=O)C2,0.94,
cand_1852,O=C1CCC(N2Cc3c(Cl)cc(O)cc3C2=O)C(=O)N1,0.925,
cand_1853,NC(=O)c1c(S(N)(=O)=O)ccc2c1CN(C1CCC(=O)NC1=O)C2=O,0.975,
cand_1854,NC(=O)c1ccc(O)c2c1C(=O)N(C1CCC(=O)NC1=O)C2,0.92,
cand_1855,N#Cc1cc2c(c(-c3ccc(N4CCNCC4)cc3)c1)CN(C1CCC(=O)NC1=O)C2=O,0.94,
cand_1856,CN(C)c1c(Cl)ccc2c1CN(C1CCC(=O)NC1=O)C2=O,0.975,
cand_1857,O=C1CCC(N2C(=O)c3cc(C(=O)O)cc(Cl)c3C2=O)C(=O)N1,0.95,
cand_1858,Cc1ccc(Cl)c2c1C(=O)N(C1CCC(=O)NC1=O)C2=O,0.895,
cand_1859,NC(=O)c1ccc(I)c2c1C(=O)N(C1CCC(=O)NC1=O)C2,0.905,
cand_1860,O=C1CCC(N2Cc3cc(Br)c(-c4ccc(N5CCNCC5)cc4)cc3C2=O)C(=O)N1,1.0,
cand_1861,CN(C)c1c(-c2ccc(N3CCNCC3)cc2)ccc2c1CN(C1CCC(=O)NC1=O)C2=O,0.995,
cand_1862,Cc1cc(S(N)(=O)=O)cc2c1CN(C1CCC(=O)NC1=O)C2=O,0.905,
cand_1863,NS(=O)(=O)c1ccc2c(c1-c1ccc(N3CCNCC3)cc1)C(=O)N(C1CCC(=O)NC1=O)C2,0.92,
cand_1864,O=C1CCC(N2C(=O)c3c(Cl)ccc([N+](=O)[O-])c3C2=O)C(=O)N1,0.875,
cand_1865,NS(=O)(=O)c1cc(C(F)(F)F)cc2c1C(=O)N(C1CCC(=O)NC1=O)C2,0.905,
cand_1866,N#Cc1ccc(F)c2c1C(=O)N(C1CCC(=O)NC1=O)C2=O,0.89,
cand_1867,Cc1cc2c(cc1Cl)CN(C1CCC(=O)NC1=O)C2=O,0.955,
cand_1868,O=C1CCC(N2Cc3c(ccc([N+](=O)[O-])c3I)C2=O)C(=O)N1,0.92,
cand_1869,CCc1c(O)ccc2c1CN(C1CCC(=O)NC1=O)C2=O,0.96,
cand_1870,NS(=O)(=O)c1ccc(-c2ccc(N3CCNCC3)cc2)c2c1C(=O)N(C1CCC(=O)NC1=O)C2=O,0.96,
cand_1871,O=C1CCC(N2Cc3cc([N+](=O)[O-])cc(C(F)(F)F)c3C2=O)C(=O)N1,0.89,
cand_1872,CCc1cc2c(c([N+](=O)[O-])c1)C(=O)N(C1CCC(=O)NC1=O)C2,0.875,
cand_1873,CNc1cc(Br)c2c(c1)C(=O)N(C1CCC(=O)NC1=O)C2,0.91,
cand_1874,COc1c(C)ccc2c1CN(C1CCC(=O)NC1=O)C2=O,0.89,
cand_1875,CCc1c(F)ccc2c1CN(C1CCC(=O)NC1=O)C2=O,0.975,
cand_1876,CN(C)c1cc2c(c(C(N)=O)c1)C(=O)N(C1CCC(=O)NC1=O)C2,0.9,
cand_1877,NC(=O)c1cc2c(cc1I)C(=O)N(C1CCC(=O)NC1=O)C2,0.895,
cand_1878,CN(C)c1ccc(F)c2c1C(=O)N(C1CCC(=O)NC1=O)C2,0.93,
cand_1879,CCc1cc2c(cc1C#N)C(=O)N(C1CCC(=O)NC1=O)C2,0.94,
cand_1880,NC(=O)c1ccc(S(N)(=O)=O)c2c1CN(C1CCC(=O)NC1=O)C2=O,0.915,
cand_1881,N#Cc1ccc2c(c1N)C(=O)N(C1CCC(=O)NC1=O)C2=O,0.915,
cand_1882,CNc1ccc2c(c1C(N)=O)CN(C1CCC(=O)NC1=O)C2=O,0.965,
cand_1883,N#Cc1ccc(Cl)c2c1C(=O)N(C1CCC(=O)NC1=O)C2=O,0.91,
cand_1884,O=C1CCC(N2Cc3cc(F)cc(Br)c3C2=O)C(=O)N1,0.925,
cand_1885,CNc1cc(-c2ccc(N3CCNCC3)cc2)cc2c1CN(C1CCC(=O)NC1=O)C2=O,0.91,
cand_1886,O=C1CCC(N2Cc3cc([N+](=O)[O-])cc(-c4ccc(N5CCNCC5)cc4)c3C2=O)C(=O)N1,0.935,
cand_1887,CCc1cc2c(cc1C(=O)O)CN(C1CCC(=O)NC1=O)C2=O,0.875,
cand_1888,NS(=O)(=O)c1ccc([N+](=O)[O-])c2c1C(=O)N(C1CCC(=O)NC1=O)C2=O,0.855,
cand_1889,O=C1CCC(N2Cc3cc(O)c(-c4ccc(N5CCNCC5)cc4)cc3C2=O)C(=O)N1,0.995,
cand_1890,O=C1CCC(N2Cc3c(cc(Cl)cc3-c3ccc(N4CCNCC4)cc3)C2=O)C(=O)N1,0.955,
cand_1891,NC(=O)c1c(O)ccc2c1C(=O)N(C1CCC(=O)NC1=O)C2=O,0.995,
cand_1892,O=C1CCC(N2C(=O)c3ccc(I)c(-c4ccc(N5CCNCC5)cc4)c3C2=O)C(=O)N1,0.98,
cand_1893,CNc1cc2c(c(N(C)C)c1)C(=O)N(C1CCC(=O)NC1=O)C2=O,0.97,
cand_1894,CNc1ccc2c(c1N(C)C)C(=O)N(C1CCC(=O)NC1=O)C2,0.94,
cand_1895,NC(=O)c1ccc(S(N)(=O)=O)c2c1C(=O)N(C1CCC(=O)NC1=O)C2=O,0.885,
cand_1896,O=C1CCC(N2Cc3cc(C(=O)O)c(O)cc3C2=O)C(=O)N1,0.93,
cand_1897,COc1ccc([N+](=O)[O-])c2c1C(=O)N(C1CCC(=O)NC1=O)C2=O,0.88,
cand_1898,Cc1ccc2c(c1Br)CN(C1CCC(=O)NC1=O)C2=O,0.96,
cand_1899,CN(C)c1cc2c(cc1Cl)CN(C1CCC(=O)NC1=O)C2=O,0.955,
cand_1900,CN(C)c1cc(I)c2c(c1)CN(C1CCC(=O)NC1=O)C2=O,0.915,
cand_1901,O=C1CCC(N2Cc3c(-c4ccc(N5CCNCC5)cc4)ccc([N+](=O)[O-])c3C2=O)C(=O)N1,0.915,
cand_1902,Cc1ccc([N+](=O)[O-])c2c1C(=O)N(C1CCC(=O)NC1=O)C2,0.79,
cand_1903,Cc1cc2c(cc1C(=O)O)C(=O)N(C1CCC(=O)NC1=O)C2=O,0.955,
cand_1904,CN(C)c1ccc2c(c1Cl)CN(C1CCC(=O)NC1=O)C2=O,0.985,
cand_1905,COc1cc2c(c(C(N)=O)c1)C(=O)N(C1CCC(=O)NC1=O)C2,0.915,
cand_1906,O=C1CCC(N2Cc3cc(Cl)c(Cl)cc3C2=O)C(=O)N1,0.97,
cand_1907,NC(=O)c1c(-c2ccc(N3CCNCC3)cc2)ccc2c1C(=O)N(C1CCC(=O)NC1=O)C2=O,1.0,
cand_1908,N#Cc1c(C(F)(F)F)ccc2c1C(=O)N(C1CCC(=O)NC1=O)C2=O,0.88,
cand_1909,CNc1ccc2c(c1N(C)C)CN(C1CCC(=O)NC1=O)C2=O,0.985,
cand_1910,NS(=O)(=O)c1cc2c(cc1F)CN(C1CCC(=O)NC1=O)C2=O,0.96,
cand_1911,CNc1c(C(N)=O)ccc2c1C(=O)N(C1CCC(=O)NC1=O)C2=O,0.91,
cand_1912,Cc1c(Cl)ccc2c1CN(C1CCC(=O)NC1=O)C2=O,0.965,
cand_1913,CN(C)c1c(S(N)(=O)=O)ccc2c1C(=O)N(C1CCC(=O)NC1=O)C2,0.92,
cand_1914,N#Cc1cc2c(cc1C(F)(F)F)C(=O)N(C1CCC(=O)NC1=O)C2=O,0.89,
cand_1915,O=C1CCC(N2C(=O)c3cc(C(=O)O)cc(-c4ccc(N5CCNCC5)cc4)c3C2=O)C(=O)N1,0.985,
cand_1916,O=C1CCC(N2Cc3cc(C(F)(F)F)cc(C(F)(F)F)c3C2=O)C(=O)N1,0.92,
cand_1917,O=C1CCC(N2Cc3c(ccc(-c4ccc(N5CCNCC5)cc4)c3[N+](=O)[O-])C2=O)C(=O)N1,0.935,
cand_1918,Cc1ccc(Cl)c2c1CN(C1CCC(=O)NC1=O)C2=O,0.9,
cand_1919,N#Cc1ccc([N+](=O)[O-])c2c1C(=O)N(C1CCC(=O)NC1=O)C2=O,0.85,
cand_1920,N#Cc1cc(O)cc2c1C(=O)N(C1CCC(=O)NC1=O)C2=O,0.945,
cand_1921,COc1ccc2c(c1C(N)=O)CN(C1CCC(=O)NC1=O)C2=O,0.96,
cand_1922,O=C1CCC(N2Cc3c(-c4ccc(N5CCNCC5)cc4)ccc(I)c3C2=O)C(=O)N1,0.97,
cand_1923,CNc1c(C#N)ccc2c1C(=O)N(C1CCC(=O)NC1=O)C2,0.925,
cand_1924,O=C1CCC(N2C(=O)c3ccc(C(=O)O)c(-c4ccc(N5CCNCC5)cc4)c3C2=O)C(=O)N1,0.99,
cand_1925,Nc1cc2c(cc1O)C(=O)N(C1CCC(=O)NC1=O)C2,0.94,
cand_1926,COc1ccc2c(c1I)C(=O)N(C1CCC(=O)NC1=O)C2=O,0.985,
cand_1927,CNc1ccc(OC)c2c1C(=O)N(C1CCC(=O)NC1=O)C2,0.915,
cand_1928,O=C1CCC(N2Cc3ccc(I)c(O)c3C2=O)C(=O)N1,0.92,
cand_1929,CCc1cc(I)cc2c1C(=O)N(C1CCC(=O)NC1=O)C2=O,0.96,
cand_1930,O=C1CCC(N2C(=O)c3cc(Br)cc(C(F)(F)F)c3C2=O)C(=O)N1,0.94,
cand_1931,O=C1CCC(N2Cc3cc(I)c(I)cc3C2=O)C(=O)N1,0.965,
cand_1932,CNc1ccc2c(c1N)CN(C1CCC(=O)NC1=O)C2=O,0.945,
cand_1933,COc1ccc2c(c1OC)C(=O)N(C1CCC(=O)NC1=O)C2=O,0.95,
cand_1934,NS(=O)(=O)c1cc(-c2ccc(N3CCNCC3)cc2)cc2c1C(=O)N(C1CCC(=O)NC1=O)C2,0.9,
cand_1935,CCc1c(I)ccc2c1CN(C1CCC(=O)NC1=O)C2=O,0.945,
cand_1936,COc1cc(C#N)cc2c1CN(C1CCC(=O)NC1=O)C2=O,0.905,
cand_1937,CN(C)c1ccc(S(N)(=O)=O)c2c1CN(C1CCC(=O)NC1=O)C2=O,0.915,
cand_1938,O=C1CCC(N2Cc3c(Br)cc(C(F)(F)F)cc3C2=O)C(=O)N1,0.95,
cand_1939,Nc1cc2c(cc1[N+](=O)[O-])C(=O)N(C1CCC(=O)NC1=O)C2=O,0.91,
cand_1940,CNc1ccc2c(c1C(=O)O)C(=O)N(C1CCC(=O)NC1=O)C2,0.94,
cand_1941,O=C1CCC(N2Cc3c(I)cc(C(=O)O)cc3C2=O)C(=O)N1,0.905,
cand_1942,NC(=O)c1c(C(F)(F)F)ccc2c1CN(C1CCC(=O)NC1=O)C2=O,0.975,
cand_1943,CN(C)c1ccc(C(N)=O)c2c1CN(C1CCC(=O)NC1=O)C2=O,0.9,
cand_1944,O=C1CCC(N2Cc3c(F)ccc(I)c3C2=O)C(=O)N1,0.905,
cand_1945,O=C1CCC(N2Cc3cc(O)cc(Br)c3C2=O)C(=O)N1,0.93,
cand_1946,NC(=O)c1cc2c(c([N+](=O)[O-])c1)C(=O)N(C1CCC(=O)NC1=O)C2=O,0.86,
cand_1947,CNc1cc2c(cc1C(N)=O)C(=O)N(C1CCC(=O)NC1=O)C2=O,0.91,
cand_1948,Cc1c(F)ccc2c1CN(C1CCC(=O)NC1=O)C2=O,0.965,
cand_1949,O=C1CCC(N2Cc3c(I)cc(O)cc3C2=O)C(=O)N1,0.915,
cand_1950,O=C1CCC(N2Cc3ccc(-c4ccc(N5CCNCC5)cc4)c(-c4ccc(N5CCNCC5)cc4)c3C2=O)C(=O)N1,0.98,
cand_1951,O=C1CCC(N2Cc3c(ccc(C(=O)O)c3I)C2=O)C(=O)N1,0.985,
cand_1952,Nc1cc(Cl)cc2c1C(=O)N(C1CCC(=O)NC1=O)C2,0.94,
cand_1953,CNc1c(OC)ccc2c1CN(C1CCC(=O)NC1=O)C2=O,0.975,
cand_1954,NC(=O)c1cc([N+](=O)[O-])cc2c1CN(C1CCC(=O)NC1=O)C2=O,0.865,
cand_1955,COc1cc(-c2ccc(N3CCNCC3)cc2)cc2c1C(=O)N(C1CCC(=O)NC1=O)C2,0.9,
cand_1956,O=C1CCC(N2C(=O)c3cc(O)c(C(F)(F)F)cc3C2=O)C(=O)N1,0.935,
cand_1957,O=C1CCC(N2Cc3c(ccc(-c4ccc(N5CCNCC5)cc4)c3Cl)C2=O)C(=O)N1,0.995,
cand_1958,CN(C)c1cc(N)cc2c1C(=O)N(C1CCC(=O)NC1=O)C2=O,0.945,
cand_1959,O=C1CCC(N2Cc3cc(O)cc(-c4ccc(N5CCNCC5)cc4)c3C2=O)C(=O)N1,0.985,
cand_1960,Cc1ccc(I)c2c1C(=O)N(C1CCC(=O)NC1=O)C2,0.875,
cand_1961,COc1cc(C)c2c(c1)C(=O)N(C1CCC(=O)NC1=O)C2=O,0.945,
cand_1962,NC(=O)c1ccc2c(c1C(N)=O)C(=O)N(C1CCC(=O)NC1=O)C2=O,0.97,
cand_1963,COc1cc2c(cc1N)C(=O)N(C1CCC(=O)NC1=O)C2,0.97,
cand_1964,CCc1c(OC)ccc2c1C(=O)N(C1CCC(=O)NC1=O)C2,0.925,
cand_1965,CN(C)c1cc(S(N)(=O)=O)cc2c1C(=O)N(C1CCC(=O)NC1=O)C2=O,0.95,
cand_1966,O=C1CCC(N2Cc3cc(I)cc(F)c3C2=O)C(=O)N1,0.9,
cand_1967,NC(=O)c1cc(F)c2c(c1)C(=O)N(C1CCC(=O)NC1=O)C2,0.88,
cand_1968,CNc1cc(N)cc2c1C(=O)N(C1CCC(=O)NC1=O)C2,0.93,
cand_1969,NC(=O)c1ccc(C(N)=O)c2c1C(=O)N(C1CCC(=O)NC1=O)C2=O,0.9,
cand_1970,O=C1CCC(N2Cc3c(ccc([N+](=O)[O-])c3O)C2=O)C(=O)N1,0.925,
cand_1971,NC(=O)c1ccc2c(c1[N+](=O)[O-])C(=O)N(C1CCC(=O)NC1=O)C2,0.89,
cand_1972,O=C1CCC(N2Cc3c(cc([N+](=O)[O-])cc3C(F)(F)F)C2=O)C(=O)N1,0.885,
cand_1973,COc1ccc2c(c1N(C)C)CN(C1CCC(=O)NC1=O)C2=O,0.985,
cand_1974,CCc1c(C#N)ccc2c1C(=O)N(C1CCC(=O)NC1=O)C2=O,0.935,
cand_1975,NS(=O)(=O)c1cc(Cl)c2c(c1)CN(C1CCC(=O)NC1=O)C2=O,0.935,
cand_1976,NC(=O)c1ccc2c(c1[N+](=O)[O-])CN(C1CCC(=O)NC1=O)C2=O,0.93,
cand_1977,CNc1cc(C#N)c2c(c1)C(=O)N(C1CCC(=O)NC1=O)C2,0.895,
cand_1978,O=C1CCC(N2Cc3c([N+](=O)[O-])ccc(C(F)(F)F)c3C2=O)C(=O)N1,0.815,
cand_1979,CCc1cc2c(c(N(C)C)c1)C(=O)N(C1CCC(=O)NC1=O)C2=O,0.95,
cand_1980,CNc1cc(-c2ccc(N3CCNCC3)cc2)cc2c1C(=O)N(C1CCC(=O)NC1=O)C2=O,0.945,
cand_1981,COc1ccc2c(c1C#N)C(=O)N(C1CCC(=O)NC1=O)C2=O,0.955,
cand_1982,COc1ccc(C)c2c1C(=O)N(C1CCC(=O)NC1=O)C2,0.9,
cand_1983,Nc1cc(C(F)(F)F)cc2c1CN(C1CCC(=O)NC1=O)C2=O,0.91,
cand_1984,Cc1ccc(Br)c2c1C(=O)N(C1CCC(=O)NC1=O)C2=O,0.895,
cand_1985,NC(=O)c1cc2c(cc1Br)CN(C1CCC(=O)NC1=O)C2=O,0.96,
cand_1986,NS(=O)(=O)c1cc2c(cc1Cl)C(=O)N(C1CCC(=O)NC1=O)C2=O,0.94,
cand_1987,CN(C)c1cc2c(c(-c3ccc(N4CCNCC4)cc3)c1)C(=O)N(C1CCC(=O)NC1=O)C2,0.985,
cand_1988,NS(=O)(=O)c1c(Cl)ccc2c1C(=O)N(C1CCC(=O)NC1=O)C2=O,0.975,
cand_1989,Cc1cc(I)cc2c1CN(C1CCC(=O)NC1=O)C2=O,0.915,
cand_1990,NC(=O)c1cc(Br)cc2c1C(=O)N(C1CCC(=O)NC1=O)C2=O,0.94,
cand_1991,COc1ccc(S(N)(=O)=O)c2c1CN(C1CCC(=O)NC1=O)C2=O,0.895,
cand_1992,O=C1CCC(N2Cc3c(cc(C(F)(F)F)cc3-c3ccc(N4CCNCC4)cc3)C2=O)C(=O)N1,0.96,
cand_1993,COc1cc2c(cc1C)C(=O)N(C1CCC(=O)NC1=O)C2,0.95,
cand_1994,NC(=O)c1cc(O)cc2c1C(=O)N(C1CCC(=O)NC1=O)C2,0.93,
cand_1995,Nc1cc2c(cc1N)C(=O)N(C1CCC(=O)NC1=O)C2,0.95,
cand_1996,COc1cc2c(cc1C)CN(C1CCC(=O)NC1=O)C2=O,0.95,
cand_1997,Cc1ccc2c(c1-c1ccc(N3CCNCC3)cc1)CN(C1CCC(=O)NC1=O)C2=O,0.97,
cand_1998,CCc1ccc(C(=O)O)c2c1C(=O)N(C1CCC(=O)NC1=O)C2=O,0.845,
cand_1999,N#Cc1ccc(-c2ccc(N3CCNCC3)cc2)c2c1C(=O)N(C1CCC(=O)NC1=O)C2=O,0.945,
cand_2000,N#Cc1cc2c(cc1O)CN(C1CCC(=O)NC1=O)C2=O,0.96,
cand_2001,O=C1CCC(N2Cc3cc(-c4ccc(N5CCNCC5)cc4)c(F)cc3C2=O)C(=O)N1,0.965,
cand_2002,CNc1cc2c(cc1C)CN(C1CCC(=O)NC1=O)C2=O,0.91,
cand_2003,CCc1cc(OC)cc2c1CN(C1CCC(=O)NC1=O)C2=O,0.89,
cand_2004,O=C1CCC(N2C(=O)c3cc([N+](=O)[O-])cc(F)c3C2=O)C(=O)N1,0.88,
cand_2005,NC(=O)c1cc(I)c2c(c1)C(=O)N(C1CCC(=O)NC1=O)C2,0.86,
cand_2006,NC(=O)c1c(C(=O)O)ccc2c1C(=O)N(C1CCC(=O)NC1=O)C2=O,0.965,
cand_2007,NC(=O)c1cc(Cl)cc2c1CN(C1CCC(=O)NC1=O)C2=O,0.915,
cand_2008,O=C1CCC(N2Cc3cc(I)cc(Br)c3C2=O)C(=O)N1,0.915,
cand_2009,CNc1cc2c(cc1C)C(=O)N(C1CCC(=O)NC1=O)C2,0.935,
cand_2010,Nc1cc(F)c2c(c1)CN(C1CCC(=O)NC1=O)C2=O,0.86,
cand_2011,COc1ccc(C(=O)O)c2c1CN(C1CCC(=O)NC1=O)C2=O,0.905,
cand_2012,N#Cc1cc(N)cc2c1C(=O)N(C1CCC(=O)NC1=O)C2=O,0.905,
cand_2013,CCc1ccc2c(c1C(N)=O)C(=O)N(C1CCC(=O)NC1=O)C2,0.825,
cand_2014,CCc1cc2c(cc1NC)C(=O)N(C1CCC(=O)NC1=O)C2,0.915,
cand_2015,COc1cc2c(cc1[N+](=O)[O-])C(=O)N(C1CCC(=O)NC1=O)C2,0.92,
cand_2016,NS(=O)(=O)c1cc2c(cc1Br)CN(C1CCC(=O)NC1=O)C2=O,0.96,
cand_2017,N#Cc1ccc(F)c2c1C(=O)N(C1CCC(=O)NC1=O)C2,0.915,
cand_2018,N#Cc1cc(Cl)cc2c1C(=O)N(C1CCC(=O)NC1=O)C2=O,0.95,
cand_2019,CCc1cc2c(cc1F)CN(C1CCC(=O)NC1=O)C2=O,0.96,
cand_2020,NS(=O)(=O)c1cc(F)cc2c1C(=O)N(C1CCC(=O)NC1=O)C2,0.92,
cand_2021,Nc1ccc2c(c1S(N)(=O)=O)C(=O)N(C1CCC(=O)NC1=O)C2,0.93,
cand_2022,CCc1ccc2c(c1CC)CN(C1CCC(=O)NC1=O)C2=O,0.885,
cand_2023,CCc1ccc(Cl)c2c1C(=O)N(C1CCC(=O)NC1=O)C2,0.81,
cand_2024,NC(=O)c1cc(O)c2c(c1)CN(C1CCC(=O)NC1=O)C2=O,0.895,
cand_2025,CCc1cc(Br)c2c(c1)CN(C1CCC(=O)NC1=O)C2=O,0.92,
cand_2026,CCc1ccc2c(c1C#N)CN(C1CCC(=O)NC1=O)C2=O,0.875,
cand_2027,CNc1cc2c(c([N+](=O)[O-])c1)C(=O)N(C1CCC(=O)NC1=O)C2=O,0.895,
cand_2028,COc1cc2c(c(-c3ccc(N4CCNCC4)cc3)c1)C(=O)N(C1CCC(=O)NC1=O)C2=O,1.0,
cand_2029,O=C1CCC(N2C(=O)c3c(F)ccc(-c4ccc(N5CCNCC5)cc4)c3C2=O)C(=O)N1,0.96,
cand_2030,N#Cc1ccc(N)c2c1C(=O)N(C1CCC(=O)NC1=O)C2=O,0.89,
cand_2031,NS(=O)(=O)c1cc2c(cc1C(F)(F)F)C(=O)N(C1CCC(=O)NC1=O)C2,0.92,
cand_2032,Cc1ccc2c(c1[N+](=O)[O-])C(=O)N(C1CCC(=O)NC1=O)C2=O,0.905,
cand_2033,NS(=O)(=O)c1ccc2c(c1Cl)CN(C1CCC(=O)NC1=O)C2=O,0.98,
cand_2034,CN(C)c1ccc(I)c2c1CN(C1CCC(=O)NC1=O)C2=O,0.92,
cand_2035,O=C1CCC(N2C(=O)c3cc([N+](=O)[O-])cc(O)c3C2=O)C(=O)N1,0.925,
cand_2036,COc1ccc(F)c2c1CN(C1CCC(=O)NC1=O)C2=O,0.9,
cand_2037,NS(=O)(=O)c1cc(Br)cc2c1CN(C1CCC(=O)NC1=O)C2=O,0.93,
cand_2038,CNc1cc2c(c(N(C)C)c1)CN(C1CCC(=O)NC1=O)C2=O,0.92,
cand_2039,CNc1cc(N)c2c(c1)CN(C1CCC(=O)NC1=O)C2=O,0.91,
cand_2040,NC(=O)c1cc2c(c(S(N)(=O)=O)c1)CN(C1CCC(=O)NC1=O)C2=O,0.875,
cand_2041,NC(=O)c1cc(O)c2c(c1)C(=O)N(C1CCC(=O)NC1=O)C2,0.89,
cand_2042,NS(=O)(=O)c1c(O)ccc2c1C(=O)N(C1CCC(=O)NC1=O)C2=O,0.985,
cand_2043,CNc1ccc(S(N)(=O)=O)c2c1C(=O)N(C1CCC(=O)NC1=O)C2=O,0.89,
cand_2044,O=C1CCC(N2C(=O)c3ccc(Cl)c(C(=O)O)c3C2=O)C(=O)N1,0.965,
cand_2045,CN(C)c1ccc(S(N)(=O)=O)c2c1C(=O)N(C1CCC(=O)NC1=O)C2=O,0.91,
cand_2046,O=C1CCC(N2C(=O)c3cc(F)c(F)cc3C2=O)C(=O)N1,0.965,
cand_2047,Nc1ccc2c(c1S(N)(=O)=O)C(=O)N(C1CCC(=O)NC1=O)C2=O,0.97,
cand_2048,COc1cc(F)c2c(c1)C(=O)N(C1CCC(=O)NC1=O)C2,0.935,
cand_2049,CNc1cc2c(cc1C(=O)O)C(=O)N(C1CCC(=O)NC1=O)C2,0.97,
cand_2050,COc1cc(N(C)C)cc2c1C(=O)N(C1CCC(=O)NC1=O)C2=O,0.985,
cand_2051,COc1cc2c(c(N(C)C)c1)CN(C1CCC(=O)NC1=O)C2=O,0.94,
cand_2052,O=C1CCC(N2C(=O)c3ccc(O)c([N+](=O)[O-])c3C2=O)C(=O)N1,0.93,
cand_2053,O=C1CCC(N2C(=O)c3ccc(F)c(Cl)c3C2=O)C(=O)N1,0.975,
cand_2054,Nc1cc(-c2ccc(N3CCNCC3)cc2)cc2c1CN(C1CCC(=O)NC1=O)C2=O,0.885,
cand_2055,CN(C)c1cc2c(c([N+](=O)[O-])c1)C(=O)N(C1CCC(=O)NC1=O)C2,0.88,
cand_2056,CCc1c(C#N)ccc2c1CN(C1CCC(=O)NC1=O)C2=O,0.955,
cand_2057,O=C1CCC(N2Cc3c(F)cc([N+](=O)[O-])cc3C2=O)C(=O)N1,0.875,
cand_2058,COc1cc(I)cc2c1CN(C1CCC(=O)NC1=O)C2=O,0.93,
cand_2059,O=C1CCC(N2C(=O)c3cc(I)cc(Cl)c3C2=O)C(=O)N1,0.975,
cand_2060,O=C1CCC(N2C(=O)c3ccc(C(F)(F)F)c(O)c3C2=O)C(=O)N1,0.935,
cand_2061,NS(=O)(=O)c1ccc2c(c1F)CN(C1CCC(=O)NC1=O)C2=O,0.945,
cand_2062,O=C1CCC(N2C(=O)c3ccc(O)c(F)c3C2=O)C(=O)N1,0.975,
cand_2063,O=C1CCC(N2Cc3ccc(Cl)c([N+](=O)[O-])c3C2=O)C(=O)N1,0.905,
cand_2064,Nc1cc(O)cc2c1CN(C1CCC(=O)NC1=O)C2=O,0.905,
cand_2065,O=C1CCC(N2Cc3c(Cl)ccc([N+](=O)[O-])c3C2=O)C(=O)N1,0.855,
cand_2066,CN(C)c1cc2c(c(S(N)(=O)=O)c1)C(=O)N(C1CCC(=O)NC1=O)C2=O,0.93,
cand_2067,Nc1cc(C(=O)O)cc2c1CN(C1CCC(=O)NC1=O)C2=O,0.89,
cand_2068,CNc1cc(C)cc2c1C(=O)N(C1CCC(=O)NC1=O)C2=O,0.935,
cand_2069,O=C1CCC(N2Cc3c(C(=O)O)ccc(F)c3C2=O)C(=O)N1,0.915,
cand_2070,CCc1cc2c(cc1[N+](=O)[O-])C(=O)N(C1CCC(=O)NC1=O)C2=O,0.87,
cand_2071,COc1cc(I)c2c(c1)C(=O)N(C1CCC(=O)NC1=O)C2,0.92,
cand_2072,Nc1ccc(C(=O)O)c2c1C(=O)N(C1CCC(=O)NC1=O)C2,0.92,
cand_2073,NC(=O)c1ccc2c(c1N)C(=O)N(C1CCC(=O)NC1=O)C2=O,0.945,
cand_2074,O=C1CCC(N2C(=O)c3cc([N+](=O)[O-])cc(C(F)(F)F)c3C2=O)C(=O)N1,0.9,
cand_2075,COc1cc(S(N)(=O)=O)cc2c1C(=O)N(C1CCC(=O)NC1=O)C2=O,0.955,
cand_2076,NS(=O)(=O)c1cc(C(=O)O)cc2c1CN(C1CCC(=O)NC1=O)C2=O,0.91,
cand_2077,O=C1CCC(N2C(=O)c3ccc(I)c(C(=O)O)c3C2=O)C(=O)N1,0.89,
cand_2078,N#Cc1ccc2c(c1C#N)C(=O)N(C1CCC(=O)NC1=O)C2,0.915,
cand_2079,COc1ccc2c(c1F)C(=O)N(C1CCC(=O)NC1=O)C2=O,0.975,
cand_2080,Cc1ccc(I)c2c1CN(C1CCC(=O)NC1=O)C2=O,0.885,
cand_2081,CCc1cc(Br)c2c(c1)C(=O)N(C1CCC(=O)NC1=O)C2,0.925,
cand_2082,N#Cc1ccc2c(c1Cl)CN(C1CCC(=O)NC1=O)C2=O,0.985,
cand_2083,CNc1ccc(F)c2c1C(=O)N(C1CCC(=O)NC1=O)C2=O,0.88,
cand_2084,Cc1c(C(F)(F)F)ccc2c1C(=O)N(C1CCC(=O)NC1=O)C2,0.92,
cand_2085,O=C1CCC(N2Cc3c(cc([N+](=O)[O-])cc3[N+](=O)[O-])C2=O)C(=O)N1,0.885,
cand_2086,O=C1CCC(N2Cc3c(Cl)cc(F)cc3C2=O)C(=O)N1,0.925,
cand_2087,O=C1CCC(N2Cc3ccc(C(F)(F)F)c(O)c3C2=O)C(=O)N1,0.925,
cand_2088,NC(=O)c1cc(C(=O)O)cc2c1C(=O)N(C1CCC(=O)NC1=O)C2,0.91,
cand_2089,NC(=O)c1cc(Cl)c2c(c1)CN(C1CCC(=O)NC1=O)C2=O,0.895,
cand_2090,CNc1cc2c(cc1C(=O)O)CN(C1CCC(=O)NC1=O)C2=O,0.895,
cand_2091,CNc1ccc2c(c1Cl)CN(C1CCC(=O)NC1=O)C2=O,0.985,
cand_2092,O=C1CCC(N2Cc3cc(F)c(C(=O)O)cc3C2=O)C(=O)N1,0.985,
cand_2093,CN(C)c1cc2c(cc1N(C)C)C(=O)N(C1CCC(=O)NC1=O)C2=O,0.98,
cand_2094,CN(C)c1cc(F)cc2c1C(=O)N(C1CCC(=O)NC1=O)C2,0.94,
cand_2095,COc1ccc2c(c1N(C)C)C(=O)N(C1CCC(=O)NC1=O)C2=O,0.995,
cand_2096,O=C1CCC(N2Cc3cc(C(=O)O)c(Br)cc3C2=O)C(=O)N1,0.93,
cand_2097,O=C1CCC(N2Cc3cc(O)cc(Cl)c3C2=O)C(=O)N1,0.945,
cand_2098,NS(=O)(=O)c1cc2c(cc1I)C(=O)N(C1CCC(=O)NC1=O)C2=O,0.94,
cand_2099,CN(C)c1cc(Br)cc2c1CN(C1CCC(=O)NC1=O)C2=O,0.94,
cand_2100,NC(=O)c1cc2c(cc1Br)C(=O)N(C1CCC(=O)NC1=O)C2,0.905,
cand_2101,COc1cc(N)c2c(c1)C(=O)N(C1CCC(=O)NC1=O)C2=O,0.955,
cand_2102,O=C1CCC(N2Cc3c(cc(C(=O)O)cc3C(F)(F)F)C2=O)C(=O)N1,0.94,
cand_2103,NS(=O)(=O)c1cc2c(c(S(N)(=O)=O)c1)CN(C1CCC(=O)NC1=O)C2=O,0.93,
cand_2104,COc1c([N+](=O)[O-])ccc2c1CN(C1CCC(=O)NC1=O)C2=O,0.82,
cand_2105,COc1cc2c(cc1-c1ccc(N3CCNCC3)cc1)C(=O)N(C1CCC(=O)NC1=O)C2,0.995,
cand_2106,COc1cc2c(cc1I)C(=O)N(C1CCC(=O)NC1=O)C2=O,0.955,
cand_2107,O=C1CCC(N2Cc3cc(-c4ccc(N5CCNCC5)cc4)c(C(=O)O)cc3C2=O)C(=O)N1,0.99,
cand_2108,CCc1cc2c(cc1O)CN(C1CCC(=O)NC1=O)C2=O,0.95,
cand_2109,CN(C)c1cc(I)cc2c1C(=O)N(C1CCC(=O)NC1=O)C2=O,0.98,
cand_2110,CCc1cc2c(cc1[N+](=O)[O-])CN(C1CCC(=O)NC1=O)C2=O,0.875,
cand_2111,O=C1CCC(N2C(=O)c3ccc(C(F)(F)F)c([N+](=O)[O-])c3C2=O)C(=O)N1,0.875,
cand_2112,COc1ccc(C(F)(F)F)c2c1C(=O)N(C1CCC(=O)NC1=O)C2,0.9,
cand_2113,CNc1c(O)ccc2c1CN(C1CCC(=O)NC1=O)C2=O,0.97,
cand_2114,O=C1CCC(N2Cc3cc(C(F)(F)F)c(C(=O)O)cc3C2=O)C(=O)N1,0.975,
cand_2115,CNc1c([N+](=O)[O-])ccc2c1C(=O)N(C1CCC(=O)NC1=O)C2,0.88,
cand_2116,O=C1CCC(N2Cc3c(ccc(-c4ccc(N5CCNCC5)cc4)c3I)C2=O)C(=O)N1,0.995,
cand_2117,O=C1CCC(N2Cc3cc(Br)cc([N+](=O)[O-])c3C2=O)C(=O)N1,0.9,
cand_2118,COc1ccc([N+](=O)[O-])c2c1C(=O)N(C1CCC(=O)NC1=O)C2,0.825,
cand_2119,Nc1cc2c(c(-c3ccc(N4CCNCC4)cc3)c1)CN(C1CCC(=O)NC1=O)C2=O,0.945,
cand_2120,O=C1CCC(N2Cc3ccc(C(=O)O)c(I)c3C2=O)C(=O)N1,0.955,
cand_2121,Cc1cc(S(N)(=O)=O)cc2c1C(=O)N(C1CCC(=O)NC1=O)C2=O,0.935,
cand_2122,O=C1CCC(N2C(=O)c3cc(I)c(C(=O)O)cc3C2=O)C(=O)N1,0.925,
cand_2123,CNc1ccc(-c2ccc(N3CCNCC3)cc2)c2c1C(=O)N(C1CCC(=O)NC1=O)C2,0.975,
cand_2124,CCc1ccc(N(C)C)c2c1C(=O)N(C1CCC(=O)NC1=O)C2,0.835,
cand_2125,Cc1cc(Br)c2c(c1)C(=O)N(C1CCC(=O)NC1=O)C2,0.915,
cand_2126,CCc1ccc2c(c1[N+](=O)[O-])C(=O)N(C1CCC(=O)NC1=O)C2=O,0.84,
cand_2127,O=C1CCC(N2Cc3ccc(F)c([N+](=O)[O-])c3C2=O)C(=O)N1,0.895,
cand_2128,COc1c(F)ccc2c1C(=O)N(C1CCC(=O)NC1=O)C2=O,0.935,
cand_2129,O=C1CCC(N2Cc3c(I)cc(I)cc3C2=O)C(=O)N1,0.925,
cand_2130,Nc1ccc2c(c1I)C(=O)N(C1CCC(=O)NC1=O)C2=O,0.98,
cand_2131,COc1cc2c(cc1S(N)(=O)=O)C(=O)N(C1CCC(=O)NC1=O)C2,0.92,
cand_2132,CN(C)c1cc2c(cc1Br)C(=O)N(C1CCC(=O)NC1=O)C2=O,0.985,
cand_2133,CCc1cc2c(cc1C(=O)O)C(=O)N(C1CCC(=O)NC1=O)C2,0.925,
cand_2134,O=C1CCC(N2Cc3ccc(C(=O)O)c(Cl)c3C2=O)C(=O)N1,0.94,
cand_2135,O=C1CCC(N2Cc3cc([N+](=O)[O-])cc(C(=O)O)c3C2=O)C(=O)N1,0.885,
cand_2136,CN(C)c1c([N+](=O)[O-])ccc2c1C(=O)N(C1CCC(=O)NC1=O)C2,0.885,
cand_2137,NS(=O)(=O)c1ccc(C(=O)O)c2c1C(=O)N(C1CCC(=O)NC1=O)C2,0.915,
cand_2138,CN(C)c1cc2c(cc1Br)CN(C1CCC(=O)NC1=O)C2=O,0.975,
cand_2139,Cc1cc(I)c2c(c1)CN(C1CCC(=O)NC1=O)C2=O,0.9,
cand_2140,N#Cc1c(Br)ccc2c1C(=O)N(C1CCC(=O)NC1=O)C2=O,0.93,
cand_2141,Cc1ccc(C(F)(F)F)c2c1C(=O)N(C1CCC(=O)NC1=O)C2=O,0.84,
cand_2142,O=C1CCC(N2Cc3c(C(F)(F)F)ccc(Br)c3C2=O)C(=O)N1,0.905,
cand_2143,O=C1CCC(N2Cc3ccc([N+](=O)[O-])c(C(=O)O)c3C2=O)C(=O)N1,0.9,
cand_2144,CN(C)c1cc(O)cc2c1C(=O)N(C1CCC(=O)NC1=O)C2=O,0.98,
cand_2145,CCc1cc(-c2ccc(N3CCNCC3)cc2)cc2c1C(=O)N(C1CCC(=O)NC1=O)C2,0.895,
cand_2146,N#Cc1ccc2c(c1[N+](=O)[O-])CN(C1CCC(=O)NC1=O)C2=O,0.92,
cand_2147,CNc1ccc(I)c2c1CN(C1CCC(=O)NC1=O)C2=O,0.875,
cand_2148,Cc1cc2c(cc1C(F)(F)F)C(=O)N(C1CCC(=O)NC1=O)C2,0.925,
cand_2149,O=C1CCC(N2Cc3c(ccc(O)c3C(F)(F)F)C2=O)C(=O)N1,1.0,
cand_2150,NS(=O)(=O)c1ccc(C(F)(F)F)c2c1C(=O)N(C1CCC(=O)NC1=O)C2=O,0.845,
cand_2151,O=C1CCC(N2C(=O)c3cc(-c4ccc(N5CCNCC5)cc4)c([N+](=O)[O-])cc3C2=O)C(=O)N1,0.935,
cand_2152,COc1ccc2c(c1C#N)C(=O)N(C1CCC(=O)NC1=O)C2,0.945,
cand_2153,CCc1ccc2c(c1F)C(=O)N(C1CCC(=O)NC1=O)C2=O,0.87,
cand_2154,Cc1cc2c(cc1C#N)C(=O)N(C1CCC(=O)NC1=O)C2,0.955,
cand_2155,Cc1ccc2c(c1[N+](=O)[O-])C(=O)N(C1CCC(=O)NC1=O)C2,0.875,
cand_2156,CN(C)c1ccc(Cl)c2c1CN(C1CCC(=O)NC1=O)C2=O,0.93,
cand_2157,CNc1cc(C#N)c2c(c1)C(=O)N(C1CCC(=O)NC1=O)C2=O,0.93,
cand_2158,CCc1ccc2c(c1O)C(=O)N(C1CCC(=O)NC1=O)C2=O,0.9,
cand_2159,Nc1c([N+](=O)[O-])ccc2c1C(=O)N(C1CCC(=O)NC1=O)C2=O,0.905,
cand_2160,COc1ccc(-c2ccc(N3CCNCC3)cc2)c2c1C(=O)N(C1CCC(=O)NC1=O)C2,0.97,
cand_2161,NS(=O)(=O)c1c(C(=O)O)ccc2c1C(=O)N(C1CCC(=O)NC1=O)C2=O,0.955,
cand_2162,O=C1CCC(N2Cc3c(ccc(F)c3Cl)C2=O)C(=O)N1,1.0,
cand_2163,O=C1CCC(N2Cc3cc(O)c(I)cc3C2=O)C(=O)N1,0.955,
cand_2164,O=C1CCC(N2Cc3c(C(=O)O)cc(C(=O)O)cc3C2=O)C(=O)N1,0.935,
cand_2165,Nc1ccc(O)c2c1CN(C1CCC(=O)NC1=O)C2=O,0.91,
cand_2166,COc1ccc(C#N)c2c1C(=O)N(C1CCC(=O)NC1=O)C2,0.915,
cand_2167,CN(C)c1ccc2c(c1C#N)C(=O)N(C1CCC(=O)NC1=O)C2=O,0.95,
cand_2168,Cc1ccc2c(c1O)C(=O)N(C1CCC(=O)NC1=O)C2,0.93,
cand_2169,Cc1c(-c2ccc(N3CCNCC3)cc2)ccc2c1CN(C1CCC(=O)NC1=O)C2=O,0.985,
cand_2170,CNc1cc(-c2ccc(N3CCNCC3)cc2)cc2c1C(=O)N(C1CCC(=O)NC1=O)C2,0.92,
cand_2171,NC(=O)c1cc2c(c(-c3ccc(N4CCNCC4)cc3)c1)CN(C1CCC(=O)NC1=O)C2=O,0.905,
cand_2172,O=C1CCC(N2C(=O)c3ccc([N+](=O)[O-])c(F)c3C2=O)C(=O)N1,0.915,
cand_2173,CCc1c(C(F)(F)F)ccc2c1C(=O)N(C1CCC(=O)NC1=O)C2,0.9,
cand_2174,CNc1ccc(Cl)c2c1CN(C1CCC(=O)NC1=O)C2=O,0.895,
cand_2175,Nc1cc(N)c2c(c1)CN(C1CCC(=O)NC1=O)C2=O,0.935,
cand_2176,CN(C)c1ccc(C(N)=O)c2c1C(=O)N(C1CCC(=O)NC1=O)C2,0.9,
cand_2177,CN(C)c1ccc2c(c1C(F)(F)F)CN(C1CCC(=O)NC1=O)C2=O,0.99,
cand_2178,Nc1cc2c(cc1O)CN(C1CCC(=O)NC1=O)C2=O,0.97,
cand_2179,Cc1ccc(S(N)(=O)=O)c2c1C(=O)N(C1CCC(=O)NC1=O)C2=O,0.89,
cand_2180,O=C1CCC(N2C(=O)c3cc(I)c(I)cc3C2=O)C(=O)N1,0.97,
cand_2181,O=C1CCC(N2Cc3c(F)ccc(C(F)(F)F)c3C2=O)C(=O)N1,0.905,
cand_2182,O=C1CCC(N2Cc3c(C(=O)O)cc(I)cc3C2=O)C(=O)N1,0.935,
cand_2183,Cc1cc2c(cc1C#N)CN(C1CCC(=O)NC1=O)C2=O,0.955,
cand_2184,Cc1ccc2c(c1I)C(=O)N(C1CCC(=O)NC1=O)C2,0.92,
cand_2185,CNc1ccc(C(F)(F)F)c2c1C(=O)N(C1CCC(=O)NC1=O)C2=O,0.86,
cand_2186,NC(=O)c1c(I)ccc2c1CN(C1CCC(=O)NC1=O)C2=O,0.96,
cand_2187,O=C1CCC(N2C(=O)c3c(C(=O)O)ccc(-c4ccc(N5CCNCC5)cc4)c3C2=O)C(=O)N1,0.97,
cand_2188,Cc1cc(O)cc2c1C(=O)N(C1CCC(=O)NC1=O)C2,0.935,
cand_2189,O=C1CCC(N2Cc3c(ccc(I)c3C(F)(F)F)C2=O)C(=O)N1,0.97,
cand_2190,Nc1ccc(S(N)(=O)=O)c2c1C(=O)N(C1CCC(=O)NC1=O)C2,0.92,
cand_2191,NC(=O)c1cc(N)c2c(c1)CN(C1CCC(=O)NC1=O)C2=O,0.88,
cand_2192,CCc1cc(OC)cc2c1C(=O)N(C1CCC(=O)NC1=O)C2=O,0.95,
cand_2193,NS(=O)(=O)c1ccc2c(c1S(N)(=O)=O)C(=O)N(C1CCC(=O)NC1=O)C2=O,0.98,
cand_2194,CNc1cc2c(cc1OC)CN(C1CCC(=O)NC1=O)C2=O,0.935,
cand_2195,O=C1CCC(N2C(=O)c3cc(O)c(I)cc3C2=O)C(=O)N1,0.97,
cand_2196,O=C1CCC(N2Cc3c(ccc(I)c3[N+](=O)[O-])C2=O)C(=O)N1,0.91,
cand_2197,CN(C)c1cc2c(cc1I)C(=O)N(C1CCC(=O)NC1=O)C2,0.96,
cand_2198,COc1ccc2c(c1C)C(=O)N(C1CCC(=O)NC1=O)C2,0.945,
cand_2199,Cc1ccc2c(c1S(N)(=O)=O)C(=O)N(C1CCC(=O)NC1=O)C2,0.91,
cand_2200,COc1cc(O)c2c(c1)C(=O)N(C1CCC(=O)NC1=O)C2,0.94,
cand_2201,NC(=O)c1ccc(N)c2c1C(=O)N(C1CCC(=O)NC1=O)C2,0.895,
cand_2202,CCc1ccc2c(c1CC)C(=O)N(C1CCC(=O)NC1=O)C2=O,0.9,
cand_2203,CCc1ccc2c(c1N)C(=O)N(C1CCC(=O)NC1=O)C2=O,0.89,
cand_2204,NS(=O)(=O)c1c([N+](=O)[O-])ccc2c1C(=O)N(C1CCC(=O)NC1=O)C2=O,0.835,
cand_2205,O=C1CCC(N2Cc3c(O)ccc(Cl)c3C2=O)C(=O)N1,0.93,
cand_2206,Cc1ccc(F)c2c1C(=O)N(C1CCC(=O)NC1=O)C2,0.87,
cand_2207,COc1ccc(N(C)C)c2c1C(=O)N(C1CCC(=O)NC1=O)C2=O,0.95,
cand_2208,COc1cc2c(c(N(C)C)c1)C(=O)N(C1CCC(=O)NC1=O)C2,0.955,
cand_2209,NC(=O)c1ccc(O)c2c1CN(C1CCC(=O)NC1=O)C2=O,0.92,
cand_2210,CN(C)c1cc(-c2ccc(N3CCNCC3)cc2)cc2c1C(=O)N(C1CCC(=O)NC1=O)C2=O,0.94,
cand_2211,O=C1CCC(N2Cc3cc(C(=O)O)c(I)cc3C2=O)C(=O)N1,0.915,
cand_2212,O=C1CCC(N2Cc3c(cc(-c4ccc(N5CCNCC5)cc4)cc3-c3ccc(N4CCNCC4)cc3)C2=O)C(=O)N1,0.905,
cand_2213,O=C1CCC(N2Cc3c(Cl)ccc(Br)c3C2=O)C(=O)N1,0.92,
cand_2214,O=C1CCC(N2C(=O)c3cc(F)c([N+](=O)[O-])cc3C2=O)C(=O)N1,0.91,
cand_2215,NS(=O)(=O)c1c(C(F)(F)F)ccc2c1CN(C1CCC(=O)NC1=O)C2=O,0.955,
cand_2216,CN(C)c1cc2c(cc1C(F)(F)F)C(=O)N(C1CCC(=O)NC1=O)C2,0.935,
cand_2217,N#Cc1cc(S(N)(=O)=O)cc2c1C(=O)N(C1CCC(=O)NC1=O)C2,0.925,
cand_2218,COc1cc(I)c2c(c1)CN(C1CCC(=O)NC1=O)C2=O,0.93,
cand_2219,CNc1ccc2c(c1-c1ccc(N3CCNCC3)cc1)C(=O)N(C1CCC(=O)NC1=O)C2=O,0.985,
cand_2220,CCc1c(N(C)C)ccc2c1C(=O)N(C1CCC(=O)NC1=O)C2,0.915,
cand_2221,NC(=O)c1cc2c(cc1N)CN(C1CCC(=O)NC1=O)C2=O,0.925,
cand_2222,NC(=O)c1ccc2c(c1N)CN(C1CCC(=O)NC1=O)C2=O,0.97,
cand_2223,O=C1CCC(N2C(=O)c3cc(Cl)cc(O)c3C2=O)C(=O)N1,0.99,
cand_2224,Nc1ccc(Cl)c2c1C(=O)N(C1CCC(=O)NC1=O)C2=O,0.92,
cand_2225,COc1c(C(N)=O)ccc2c1CN(C1CCC(=O)NC1=O)C2=O,0.885,
cand_2226,O=C1CCC(N2Cc3c(Cl)ccc(I)c3C2=O)C(=O)N1,0.915,
cand_2227,CNc1ccc2c(c1N)C(=O)N(C1CCC(=O)NC1=O)C2,0.875,
cand_2228,CN(C)c1ccc2c(c1I)CN(C1CCC(=O)NC1=O)C2=O,0.97,
cand_2229,O=C1CCC(N2Cc3c(C(=O)O)ccc(C(F)(F)F)c3C2=O)C(=O)N1,0.895,
cand_2230,NS(=O)(=O)c1cc2c(c(-c3ccc(N4CCNCC4)cc3)c1)CN(C1CCC(=O)NC1=O)C2=O,0.945,
cand_2231,Nc1ccc2c(c1Br)C(=O)N(C1CCC(=O)NC1=O)C2,0.93,
cand_2232,O=C1CCC(N2Cc3cc(I)cc(I)c3C2=O)C(=O)N1,0.935,
cand_2233,O=C1CCC(N2C(=O)c3ccc(I)c(C(F)(F)F)c3C2=O)C(=O)N1,0.94,
cand_2234,CNc1ccc2c(c1C(N)=O)C(=O)N(C1CCC(=O)NC1=O)C2,0.93,
cand_2235,N#Cc1ccc(O)c2c1C(=O)N(C1CCC(=O)NC1=O)C2,0.925,
cand_2236,CCc1c(S(N)(=O)=O)ccc2c1C(=O)N(C1CCC(=O)NC1=O)C2,0.885,
cand_2237,O=C1CCC(N2Cc3cc(I)cc(C(F)(F)F)c3C2=O)C(=O)N1,0.935,
cand_2238,CCc1cc(N)c2c(c1)CN(C1CCC(=O)NC1=O)C2=O,0.91,
cand_2239,CNc1c(Br)ccc2c1C(=O)N(C1CCC(=O)NC1=O)C2,0.935,
cand_2240,CCc1cc(I)cc2c1C(=O)N(C1CCC(=O)NC1=O)C2,0.91,
cand_2241,NS(=O)(=O)c1cc2c(cc1Cl)C(=O)N(C1CCC(=O)NC1=O)C2,0.945,
cand_2242,Nc1c(I)ccc2c1C(=O)N(C1CCC(=O)NC1=O)C2,0.945,
cand_2243,NS(=O)(=O)c1ccc(C(=O)O)c2c1C(=O)N(C1CCC(=O)NC1=O)C2=O,0.885,
cand_2244,NC(=O)c1c(N)ccc2c1CN(C1CCC(=O)NC1=O)C2=O,0.975,
cand_2245,Nc1ccc(C(F)(F)F)c2c1CN(C1CCC(=O)NC1=O)C2=O,0.875,
cand_2246,N#Cc1cc(O)c2c(c1)CN(C1CCC(=O)NC1=O)C2=O,0.92,
cand_2247,N#Cc1c(C(=O)O)ccc2c1CN(C1CCC(=O)NC1=O)C2=O,0.99,
cand_2248,Cc1cc2c(cc1Cl)C(=O)N(C1CCC(=O)NC1=O)C2=O,0.96,
cand_2249,COc1cc(C#N)c2c(c1)C(=O)N(C1CCC(=O)NC1=O)C2,0.895,
cand_2250,Cc1cc(F)cc2c1C(=O)N(C1CCC(=O)NC1=O)C2=O,0.94,
cand_2251,O=C1CCC(N2C(=O)c3cc(Cl)c(Cl)cc3C2=O)C(=O)N1,0.975,
cand_2252,CN(C)c1c(C#N)ccc2c1C(=O)N(C1CCC(=O)NC1=O)C2,0.94,
cand_2253,Nc1cc2c(cc1Br)C(=O)N(C1CCC(=O)NC1=O)C2=O,0.975,
cand_2254,CCc1cc2c(c(N(C)C)c1)C(=O)N(C1CCC(=O)NC1=O)C2,0.94,
cand_2255,N#Cc1cc2c(cc1C#N)C(=O)N(C1CCC(=O)NC1=O)C2,0.965,
cand_2256,Nc1c(C(F)(F)F)ccc2c1C(=O)N(C1CCC(=O)NC1=O)C2,0.9,
cand_2257,CNc1cc(F)c2c(c1)C(=O)N(C1CCC(=O)NC1=O)C2,0.91,
cand_2258,O=C1CCC(N2C(=O)c3cc([N+](=O)[O-])c([N+](=O)[O-])cc3C2=O)C(=O)N1,0.93,
cand_2259,N#Cc1cc2c(c(S(N)(=O)=O)c1)C(=O)N(C1CCC(=O)NC1=O)C2,0.905,
cand_2260,O=C1CCC(N2Cc3c(ccc(F)c3F)C2=O)C(=O)N1,0.995,
cand_2261,CCc1cc2c(cc1-c1ccc(N3CCNCC3)cc1)C(=O)N(C1CCC(=O)NC1=O)C2=O,0.975,
cand_2262,O=C1CCC(N2Cc3c(cc(I)cc3C(F)(F)F)C2=O)C(=O)N1,0.94,
cand_2263,NS(=O)(=O)c1ccc(S(N)(=O)=O)c2c1CN(C1CCC(=O)NC1=O)C2=O,0.93,
cand_2264,N#Cc1c(S(N)(=O)=O)ccc2c1C(=O)N(C1CCC(=O)NC1=O)C2,0.93,
cand_2265,N#Cc1ccc(C(N)=O)c2c1CN(C1CCC(=O)NC1=O)C2=O,0.91,
cand_2266,O=C1CCC(N2Cc3c(O)ccc(O)c3C2=O)C(=O)N1,0.94,
cand_2267,COc1cc(N)cc2c1C(=O)N(C1CCC(=O)NC1=O)C2,0.905,
cand_2268,CCc1cc2c(cc1NC)C(=O)N(C1CCC(=O)NC1=O)C2=O,0.915,
cand_2269,O=C1CCC(N2Cc3cc(O)c(F)cc3C2=O)C(=O)N1,0.975,
cand_2270,CN(C)c1ccc(O)c2c1CN(C1CCC(=O)NC1=O)C2=O,0.93,
cand_2271,Nc1ccc(Br)c2c1CN(C1CCC(=O)NC1=O)C2=O,0.905,
cand_2272,O=C1CCC(N2Cc3cc(I)c(C(F)(F)F)cc3C2=O)C(=O)N1,0.92,
cand_2273,NS(=O)(=O)c1cc(C(=O)O)cc2c1C(=O)N(C1CCC(=O)NC1=O)C2=O,0.92,
cand_2274,O=C1CCC(N2C(=O)c3ccc(F)c(Br)c3C2=O)C(=O)N1,0.97,
cand_2275,N#Cc1ccc2c(c1Br)C(=O)N(C1CCC(=O)NC1=O)C2=O,0.945,
cand_2276,CNc1c(C)ccc2c1CN(C1CCC(=O)NC1=O)C2=O,0.925,
cand_2277,NC(=O)c1cc2c(c(C(F)(F)F)c1)C(=O)N(C1CCC(=O)NC1=O)C2,0.895,
cand_2278,O=C1CCC(N2Cc3ccc(C(F)(F)F)c(Br)c3C2=O)C(=O)N1,0.9,
cand_2279,Cc1cc2c(cc1N(C)C)CN(C1CCC(=O)NC1=O)C2=O,0.97,
cand_2280,O=C1CCC(N2Cc3cc(F)cc(I)c3C2=O)C(=O)N1,0.91,
cand_2281,Nc1ccc([N+](=O)[O-])c2c1C(=O)N(C1CCC(=O)NC1=O)C2=O,0.85,
cand_2282,O=C1CCC(N2Cc3c(-c4ccc(N5CCNCC5)cc4)ccc(Br)c3C2=O)C(=O)N1,0.98,
cand_2283,COc1cc2c(cc1C(F)(F)F)C(=O)N(C1CCC(=O)NC1=O)C2=O,0.94,
cand_2284,N#Cc1ccc(C#N)c2c1CN(C1CCC(=O)NC1=O)C2=O,0.935,
cand_2285,O=C1CCC(N2Cc3c(C(=O)O)cc(O)cc3C2=O)C(=O)N1,0.94,
cand_2286,Cc1cc(-c2ccc(N3CCNCC3)cc2)cc2c1CN(C1CCC(=O)NC1=O)C2=O,0.9,
cand_2287,CCc1ccc2c(c1C(F)(F)F)CN(C1CCC(=O)NC1=O)C2=O,0.89,
cand_2288,NC(=O)c1cc(C(F)(F)F)cc2c1C(=O)N(C1CCC(=O)NC1=O)C2,0.895,
cand_2289,Nc1cc2c(cc1C(F)(F)F)C(=O)N(C1CCC(=O)NC1=O)C2,0.89,
cand_2290,CNc1ccc(C#N)c2c1CN(C1CCC(=O)NC1=O)C2=O,0.885,
cand_2291,Cc1ccc(C(F)(F)F)c2c1CN(C1CCC(=O)NC1=O)C2=O,0.895,
cand_2292,CCc1ccc2c(c1N(C)C)C(=O)N(C1CCC(=O)NC1=O)C2,0.835,
cand_2293,CCc1c(Br)ccc2c1C(=O)N(C1CCC(=O)NC1=O)C2=O,0.96,
cand_2294,O=C1CCC(N2Cc3c(I)cc(Br)cc3C2=O)C(=O)N1,0.91,
cand_2295,Cc1c(N(C)C)ccc2c1C(=O)N(C1CCC(=O)NC1=O)C2,0.945,
cand_2296,CCc1c(Cl)ccc2c1C(=O)N(C1CCC(=O)NC1=O)C2,0.905,
cand_2297,N#Cc1ccc(C(N)=O)c2c1C(=O)N(C1CCC(=O)NC1=O)C2=O,0.87,
cand_2298,Nc1cc(C(=O)O)cc2c1C(=O)N(C1CCC(=O)NC1=O)C2,0.91,
cand_2299,O=C1CCC(N2C(=O)c3cc(-c4ccc(N5CCNCC5)cc4)cc(Cl)c3C2=O)C(=O)N1,0.925,
cand_2300,CN(C)c1cc2c(cc1Cl)C(=O)N(C1CCC(=O)NC1=O)C2=O,0.97,
cand_2301,N#Cc1c(C(N)=O)ccc2c1C(=O)N(C1CCC(=O)NC1=O)C2,0.93,
cand_2302,O=C1CCC(N2Cc3c(I)cc(C(F)(F)F)cc3C2=O)C(=O)N1,0.93,
cand_2303,CCc1cc([N+](=O)[O-])cc2c1CN(C1CCC(=O)NC1=O)C2=O,0.86,
cand_2304,CNc1cc(N(C)C)cc2c1CN(C1CCC(=O)NC1=O)C2=O,0.925,
cand_2305,Nc1ccc2c(c1-c1ccc(N3CCNCC3)cc1)C(=O)N(C1CCC(=O)NC1=O)C2=O,0.99,
cand_2306,CN(C)c1ccc2c(c1-c1ccc(N3CCNCC3)cc1)CN(C1CCC(=O)NC1=O)C2=O,0.995,
cand_2307,O=C1CCC(N2C(=O)c3c(Br)ccc(Br)c3C2=O)C(=O)N1,0.945,
cand_2308,COc1cc(OC)c2c(c1)C(=O)N(C1CCC(=O)NC1=O)C2,0.93,
cand_2309,Nc1cc(N)c2c(c1)C(=O)N(C1CCC(=O)NC1=O)C2=O,0.96,
cand_2310,NC(=O)c1cc(N)cc2c1CN(C1CCC(=O)NC1=O)C2=O,0.895,
cand_2311,CNc1cc(Br)c2c(c1)C(=O)N(C1CCC(=O)NC1=O)C2=O,0.955,
cand_2312,O=C1CCC(N2C(=O)c3c(O)ccc(F)c3C2=O)C(=O)N1,0.9,
cand_2313,O=C1CCC(N2Cc3cc(F)c(Cl)cc3C2=O)C(=O)N1,0.99,
cand_2314,Nc1ccc(I)c2c1C(=O)N(C1CCC(=O)NC1=O)C2,0.92,
cand_2315,CNc1ccc(S(N)(=O)=O)c2c1C(=O)N(C1CCC(=O)NC1=O)C2,0.905,
cand_2316,CCc1cc(C#N)cc2c1CN(C1CCC(=O)NC1=O)C2=O,0.895,
cand_2317,NC(=O)c1cc([N+](=O)[O-])cc2c1C(=O)N(C1CCC(=O)NC1=O)C2=O,0.88,
cand_2318,COc1cc(I)cc2c1C(=O)N(C1CCC(=O)NC1=O)C2,0.93,
cand_2319,O=C1CCC(N2Cc3cc([N+](=O)[O-])c([N+](=O)[O-])cc3C2=O)C(=O)N1,0.92,
cand_2320,N#Cc1cc2c(c(C(F)(F)F)c1)C(=O)N(C1CCC(=O)NC1=O)C2,0.91,
cand_2321,CCc1c(-c2ccc(N3CCNCC3)cc2)ccc2c1CN(C1CCC(=O)NC1=O)C2=O,0.98,
cand_2322,Nc1c(C(F)(F)F)ccc2c1C(=O)N(C1CCC(=O)NC1=O)C2=O,0.915,
cand_2323,NC(=O)c1ccc2c(c1Br)CN(C1CCC(=O)NC1=O)C2=O,0.96,
cand_2324,O=C1CCC(N2Cc3c(Br)ccc(C(=O)O)c3C2=O)C(=O)N1,0.93,
cand_2325,CN(C)c1c(C(F)(F)F)ccc2c1CN(C1CCC(=O)NC1=O)C2=O,0.97,
cand_2326,COc1cc2c(c(C(F)(F)F)c1)C(=O)N(C1CCC(=O)NC1=O)C2,0.945,
cand_2327,CN(C)c1cc(C#N)c2c(c1)CN(C1CCC(=O)NC1=O)C2=O,0.93,
cand_2328,COc1c(N(C)C)ccc2c1C(=O)N(C1CCC(=O)NC1=O)C2,0.885,
cand_2329,N#Cc1c(C(=O)O)ccc2c1C(=O)N(C1CCC(=O)NC1=O)C2=O,0.945,
cand_2330,O=C1CCC(N2Cc3c(Br)ccc(-c4ccc(N5CCNCC5)cc4)c3C2=O)C(=O)N1,0.99,
cand_2331,CNc1ccc2c(c1S(N)(=O)=O)C(=O)N(C1CCC(=O)NC1=O)C2,0.92,
cand_2332,CCc1ccc(O)c2c1C(=O)N(C1CCC(=O)NC1=O)C2=O,0.85,
cand_2333,CNc1ccc(OC)c2c1C(=O)N(C1CCC(=O)NC1=O)C2=O,0.925,
cand_2334,Cc1ccc([N+](=O)[O-])c2c1C(=O)N(C1CCC(=O)NC1=O)C2=O,0.825,
cand_2335,O=C1CCC(N2Cc3ccc(O)c([N+](=O)[O-])c3C2=O)C(=O)N1,0.905,
cand_2336,CNc1ccc(Cl)c2c1C(=O)N(C1CCC(=O)NC1=O)C2,0.92,
cand_2337,CN(C)c1cc2c(c(S(N)(=O)=O)c1)CN(C1CCC(=O)NC1=O)C2=O,0.875,
cand_2338,Nc1cc2c(c(S(N)(=O)=O)c1)CN(C1CCC(=O)NC1=O)C2=O,0.915,
cand_2339,O=C1CCC(N2C(=O)c3ccc(Br)c(C(=O)O)c3C2=O)C(=O)N1,0.945,
cand_2340,CN(C)c1ccc(N(C)C)c2c1C(=O)N(C1CCC(=O)NC1=O)C2=O,0.945,
cand_2341,NC(=O)c1cc2c(cc1F)C(=O)N(C1CCC(=O)NC1=O)C2,0.905,
cand_2342,CCc1ccc([N+](=O)[O-])c2c1CN(C1CCC(=O)NC1=O)C2=O,0.76,
cand_2343,CCc1cc2c(cc1N)C(=O)N(C1CCC(=O)NC1=O)C2=O,0.945,
cand_2344,COc1cc2c(cc1[N+](=O)[O-])CN(C1CCC(=O)NC1=O)C2=O,0.92,
cand_2345,CCc1ccc(C#N)c2c1C(=O)N(C1CCC(=O)NC1=O)C2,0.81,
cand_2346,CNc1cc(Cl)cc2c1C(=O)N(C1CCC(=O)NC1=O)C2,0.955,
cand_2347,O=C1CCC(N2Cc3cc(Cl)cc(C(=O)O)c3C2=O)C(=O)N1,0.955,
cand_2348,O=C1CCC(N2C(=O)c3ccc(O)c(C(=O)O)c3C2=O)C(=O)N1,0.97,
cand_2349,Cc1cc2c(cc1S(N)(=O)=O)C(=O)N(C1CCC(=O)NC1=O)C2,0.94,
cand_2350,NC(=O)c1ccc2c(c1N)C(=O)N(C1CCC(=O)NC1=O)C2,0.92,
cand_2351,CNc1cc(Br)cc2c1CN(C1CCC(=O)NC1=O)C2=O,0.92,
cand_2352,COc1ccc2c(c1S(N)(=O)=O)CN(C1CCC(=O)NC1=O)C2=O,0.95,
cand_2353,O=C1CCC(N2Cc3c(cc(I)cc3-c3ccc(N4CCNCC4)cc3)C2=O)C(=O)N1,0.955,
cand_2354,O=C1CCC(N2Cc3ccc(-c4ccc(N5CCNCC5)cc4)c(C(F)(F)F)c3C2=O)C(=O)N1,0.97,
cand_2355,NC(=O)c1ccc2c(c1O)C(=O)N(C1CCC(=O)NC1=O)C2=O,0.97,
cand_2356,CNc1cc2c(cc1F)CN(C1CCC(=O)NC1=O)C2=O,0.935,
cand_2357,COc1c(F)ccc2c1CN(C1CCC(=O)NC1=O)C2=O,0.925,
cand_2358,Cc1cc2c(c(-c3ccc(N4CCNCC4)cc3)c1)CN(C1CCC(=O)NC1=O)C2=O,0.935,
cand_2359,NS(=O)(=O)c1cc2c(cc1C(F)(F)F)CN(C1CCC(=O)NC1=O)C2=O,0.96,
cand_2360,COc1cc([N+](=O)[O-])cc2c1C(=O)N(C1CCC(=O)NC1=O)C2,0.885,
cand_2361,CNc1ccc2c(c1F)CN(C1CCC(=O)NC1=O)C2=O,0.985,
cand_2362,O=C1CCC(N2C(=O)c3cc(F)c(C(=O)O)cc3C2=O)C(=O)N1,0.94,
cand_2363,CNc1cc(O)c2c(c1)CN(C1CCC(=O)NC1=O)C2=O,0.915,
cand_2364,COc1ccc2c(c1O)C(=O)N(C1CCC(=O)NC1=O)C2=O,0.99,
cand_2365,CN(C)c1ccc(C(=O)O)c2c1C(=O)N(C1CCC(=O)NC1=O)C2,0.92,
cand_2366,O=C1CCC(N2C(=O)c3cc(C(F)(F)F)cc(F)c3C2=O)C(=O)N1,0.935,
cand_2367,N#Cc1cc(N)cc2c1CN(C1CCC(=O)NC1=O)C2=O,0.9,
cand_2368,O=C1CCC(N2Cc3cc(C(F)(F)F)cc(-c4ccc(N5CCNCC5)cc4)c3C2=O)C(=O)N1,0.985,
cand_2369,Cc1ccc2c(c1F)C(=O)N(C1CCC(=O)NC1=O)C2,0.925,
cand_2370,CN(C)c1cc2c(cc1S(N)(=O)=O)C(=O)N(C1CCC(=O)NC1=O)C2,0.945,
cand_2371,CCc1c(OC)ccc2c1CN(C1CCC(=O)NC1=O)C2=O,0.96,
cand_2372,COc1c(C(F)(F)F)ccc2c1CN(C1CCC(=O)NC1=O)C2=O,0.9,
cand_2373,O=C1CCC(N2Cc3c(ccc(Br)c3Br)C2=O)C(=O)N1,0.99,
cand_2374,Nc1ccc2c(c1S(N)(=O)=O)CN(C1CCC(=O)NC1=O)C2=O,0.96,
cand_2375,CCc1cc2c(c([N+](=O)[O-])c1)CN(C1CCC(=O)NC1=O)C2=O,0.87,
cand_2376,CCc1cc2c(cc1S(N)(=O)=O)CN(C1CCC(=O)NC1=O)C2=O,0.935,
cand_2377,COc1ccc(C#N)c2c1CN(C1CCC(=O)NC1=O)C2=O,0.91,
cand_2378,N#Cc1ccc(S(N)(=O)=O)c2c1CN(C1CCC(=O)NC1=O)C2=O,0.915,
cand_2379,CN(C)c1cc(C(=O)O)cc2c1C(=O)N(C1CCC(=O)NC1=O)C2,0.93,
cand_2380,CCc1ccc2c(c1Cl)CN(C1CCC(=O)NC1=O)C2=O,0.89,
cand_2381,CN(C)c1cc2c(c(C(F)(F)F)c1)C(=O)N(C1CCC(=O)NC1=O)C2,0.93,
cand_2382,CNc1cc2c(c(C(F)(F)F)c1)CN(C1CCC(=O)NC1=O)C2=O,0.925,
cand_2383,CN(C)c1cc2c(cc1C(=O)O)C(=O)N(C1CCC(=O)NC1=O)C2,0.975,
cand_2384,CNc1cc2c(cc1C#N)C(=O)N(C1CCC(=O)NC1=O)C2,0.96,
cand_2385,CN(C)c1ccc2c(c1N(C)C)CN(C1CCC(=O)NC1=O)C2=O,0.98,
cand_2386,CNc1cc(OC)cc2c1C(=O)N(C1CCC(=O)NC1=O)C2,0.965,
cand_2387,COc1ccc2c(c1[N+](=O)[O-])CN(C1CCC(=O)NC1=O)C2=O,0.915,
cand_2388,CNc1cc2c(cc1Cl)C(=O)N(C1CCC(=O)NC1=O)C2=O,0.94,
cand_2389,CNc1ccc2c(c1O)CN(C1CCC(=O)NC1=O)C2=O,0.975,
cand_2390,O=C1CCC(N2Cc3cc([N+](=O)[O-])c(I)cc3C2=O)C(=O)N1,0.9,
cand_2391,Cc1ccc([N+](=O)[O-])c2c1CN(C1CCC(=O)NC1=O)C2=O,0.83,
cand_2392,O=C1CCC(N2Cc3c(ccc(C(=O)O)c3-c3ccc(N4CCNCC4)cc3)C2=O)C(=O)N1,0.995,
cand_2393,NC(=O)c1c(I)ccc2c1C(=O)N(C1CCC(=O)NC1=O)C2,0.94,
cand_2394,Cc1ccc2c(c1N(C)C)C(=O)N(C1CCC(=O)NC1=O)C2,0.875,
cand_2395,CNc1cc(OC)c2c(c1)C(=O)N(C1CCC(=O)NC1=O)C2,0.92,
cand_2396,CCc1cc2c(cc1O)C(=O)N(C1CCC(=O)NC1=O)C2=O,0.96,
cand_2397,O=C1CCC(N2Cc3c(ccc([N+](=O)[O-])c3Cl)C2=O)C(=O)N1,0.94,
cand_2398,COc1cc(C(=O)O)c2c(c1)C(=O)N(C1CCC(=O)NC1=O)C2,0.925,
cand_2399,CCc1c(O)ccc2c1C(=O)N(C1CCC(=O)NC1=O)C2,0.915,
cand_2400,COc1ccc(OC)c2c1CN(C1CCC(=O)NC1=O)C2=O,0.915,
cand_2401,O=C1CCC(N2C(=O)c3c(C(=O)O)ccc(C(=O)O)c3C2=O)C(=O)N1,0.91,
cand_2402,N#Cc1ccc2c(c1N)CN(C1CCC(=O)NC1=O)C2=O,0.93,
cand_2403,Cc1cc2c(cc1Cl)C(=O)N(C1CCC(=O)NC1=O)C2,0.965,
cand_2404,CN(C)c1cc(Cl)cc2c1C(=O)N(C1CCC(=O)NC1=O)C2=O,0.975,
cand_2405,CN(C)c1c(O)ccc2c1C(=O)N(C1CCC(=O)NC1=O)C2,0.93,
cand_2406,O=C1CCC(N2Cc3ccc(Br)c(I)c3C2=O)C(=O)N1,0.95,
cand_2407,CCc1cc(F)cc2c1C(=O)N(C1CCC(=O)NC1=O)C2,0.91,
cand_2408,CN(C)c1ccc(I)c2c1C(=O)N(C1CCC(=O)NC1=O)C2=O,0.92,
cand_2409,Cc1cc(C)c2c(c1)C(=O)N(C1CCC(=O)NC1=O)C2,0.9,
cand_2410,O=C1CCC(N2Cc3cc(C(=O)O)c(F)cc3C2=O)C(=O)N1,0.94,
cand_2411,CNc1ccc(F)c2c1CN(C1CCC(=O)NC1=O)C2=O,0.875,
cand_2412,Cc1cc(Br)cc2c1CN(C1CCC(=O)NC1=O)C2=O,0.915,
cand_2413,O=C1CCC(N2Cc3cc(C(=O)O)cc(Br)c3C2=O)C(=O)N1,0.92,
cand_2414,CN(C)c1cc(O)c2c(c1)CN(C1CCC(=O)NC1=O)C2=O,0.93,
cand_2415,CN(C)c1ccc(O)c2c1C(=O)N(C1CCC(=O)NC1=O)C2=O,0.935,
cand_2416,O=C1CCC(N2C(=O)c3cc(O)cc(O)c3C2=O)C(=O)N1,0.985,
cand_2417,N#Cc1ccc2c(c1C#N)CN(C1CCC(=O)NC1=O)C2=O,0.975,
cand_2418,O=C1CCC(N2Cc3c(F)ccc(Cl)c3C2=O)C(=O)N1,0.92,
cand_2419,O=C1CCC(N2Cc3ccc([N+](=O)[O-])c(Cl)c3C2=O)C(=O)N1,0.89,
cand_2420,CNc1ccc(OC)c2c1CN(C1CCC(=O)NC1=O)C2=O,0.9,
cand_2421,CNc1ccc2c(c1[N+](=O)[O-])C(=O)N(C1CCC(=O)NC1=O)C2,0.875,
cand_2422,NC(=O)c1cc2c(cc1C(N)=O)C(=O)N(C1CCC(=O)NC1=O)C2=O,0.91,
cand_2423,CNc1cc(F)c2c(c1)CN(C1CCC(=O)NC1=O)C2=O,0.91,
cand_2424,O=C1CCC(N2Cc3cc(C(=O)O)c([N+](=O)[O-])cc3C2=O)C(=O)N1,0.875,
cand_2425,CNc1ccc(C(F)(F)F)c2c1CN(C1CCC(=O)NC1=O)C2=O,0.865,
cand_2426,CCc1cc2c(cc1-c1ccc(N3CCNCC3)cc1)CN(C1CCC(=O)NC1=O)C2=O,0.97,
cand_2427,CCc1cc(S(N)(=O)=O)cc2c1CN(C1CCC(=O)NC1=O)C2=O,0.9,
cand_2428,CCc1cc(Cl)cc2c1CN(C1CCC(=O)NC1=O)C2=O,0.925,
cand_2429,N#Cc1ccc2c(c1F)C(=O)N(C1CCC(=O)NC1=O)C2,0.935,
cand_2430,Nc1c(Cl)ccc2c1CN(C1CCC(=O)NC1=O)C2=O,0.975,
cand_2431,CCc1ccc2c(c1C)CN(C1CCC(=O)NC1=O)C2=O,0.88,
cand_2432,O=C1CCC(N2C(=O)c3cc(C(F)(F)F)c(C(F)(F)F)cc3C2=O)C(=O)N1,0.93,
cand_2433,O=C1CCC(N2Cc3c(ccc(I)c3O)C2=O)C(=O)N1,0.96,
cand_2434,CCc1cc2c(cc1Cl)C(=O)N(C1CCC(=O)NC1=O)C2,0.95,
cand_2435,O=C1CCC(N2C(=O)c3cc(C(F)(F)F)cc(C(=O)O)c3C2=O)C(=O)N1,0.935,
cand_2436,CN(C)c1cc(C#N)cc2c1C(=O)N(C1CCC(=O)NC1=O)C2,0.915,
cand_2437,O=C1CCC(N2Cc3c(C(F)(F)F)ccc(O)c3C2=O)C(=O)N1,0.91,
cand_2438,NC(=O)c1ccc(F)c2c1C(=O)N(C1CCC(=O)NC1=O)C2,0.895,
cand_2439,CN(C)c1cc(N)c2c(c1)C(=O)N(C1CCC(=O)NC1=O)C2=O,0.96,
cand_2440,NC(=O)c1ccc2c(c1F)C(=O)N(C1CCC(=O)NC1=O)C2,0.935,
cand_2441,O=C1CCC(N2Cc3ccc(C(F)(F)F)c(F)c3C2=O)C(=O)N1,0.925,
cand_2442,N#Cc1cc2c(cc1Cl)C(=O)N(C1CCC(=O)NC1=O)C2=O,0.935,
cand_2443,O=C1CCC(N2Cc3c(C(=O)O)cc(C(F)(F)F)cc3C2=O)C(=O)N1,0.95,
cand_2444,CCc1cc(Br)c2c(c1)C(=O)N(C1CCC(=O)NC1=O)C2=O,0.95,
cand_2445,O=C1CCC(N2C(=O)c3cc(Cl)cc([N+](=O)[O-])c3C2=O)C(=O)N1,0.91,
cand_2446,CCc1ccc(I)c2c1CN(C1CCC(=O)NC1=O)C2=O,0.805,
cand_2447,CCc1cc2c(c(OC)c1)C(=O)N(C1CCC(=O)NC1=O)C2,0.93,
cand_2448,N#Cc1ccc([N+](=O)[O-])c2c1CN(C1CCC(=O)NC1=O)C2=O,0.855,
cand_2449,Cc1cc(N)c2c(c1)C(=O)N(C1CCC(=O)NC1=O)C2,0.88,
cand_2450,CN(C)c1c(I)ccc2c1C(=O)N(C1CCC(=O)NC1=O)C2,0.935,
cand_2451,O=C1CCC(N2Cc3cc(-c4ccc(N5CCNCC5)cc4)c(C(F)(F)F)cc3C2=O)C(=O)N1,0.95,
cand_2452,O=C1CCC(N2Cc3c(C(F)(F)F)ccc(F)c3C2=O)C(=O)N1,0.91,
cand_2453,Cc1c(-c2ccc(N3CCNCC3)cc2)ccc2c1C(=O)N(C1CCC(=O)NC1=O)C2,0.965,
cand_2454,COc1ccc(I)c2c1C(=O)N(C1CCC(=O)NC1=O)C2,0.91,
cand_2455,O=C1CCC(N2Cc3c(ccc(I)c3Cl)C2=O)C(=O)N1,0.98,
cand_2456,Cc1cc2c(c(N(C)C)c1)CN(C1CCC(=O)NC1=O)C2=O,0.915,
cand_2457,CCc1ccc2c(c1-c1ccc(N3CCNCC3)cc1)C(=O)N(C1CCC(=O)NC1=O)C2=O,0.925,
cand_2458,Cc1cc2c(cc1C(N)=O)C(=O)N(C1CCC(=O)NC1=O)C2,0.945,
cand_2459,Cc1ccc(-c2ccc(N3CCNCC3)cc2)c2c1C(=O)N(C1CCC(=O)NC1=O)C2,0.95,
cand_2460,NC(=O)c1cc(C(F)(F)F)cc2c1C(=O)N(C1CCC(=O)NC1=O)C2=O,0.92,
cand_2461,NS(=O)(=O)c1ccc(C(F)(F)F)c2c1CN(C1CCC(=O)NC1=O)C2=O,0.89,
cand_2462,CNc1cc(Cl)c2c(c1)CN(C1CCC(=O)NC1=O)C2=O,0.935,
cand_2463,CCc1c(F)ccc2c1C(=O)N(C1CCC(=O)NC1=O)C2,0.905,
cand_2464,Nc1cc(Cl)cc2c1CN(C1CCC(=O)NC1=O)C2=O,0.925,
cand_2465,NC(=O)c1cc(-c2ccc(N3CCNCC3)cc2)cc2c1C(=O)N(C1CCC(=O)NC1=O)C2,0.89,
cand_2466,N#Cc1cc(C(F)(F)F)cc2c1C(=O)N(C1CCC(=O)NC1=O)C2=O,0.92,
cand_2467,O=C1CCC(N2C(=O)c3cc(O)cc(C(F)(F)F)c3C2=O)C(=O)N1,0.95,
cand_2468,N#Cc1cc2c(cc1S(N)(=O)=O)C(=O)N(C1CCC(=O)NC1=O)C2=O,0.885,
cand_2469,CNc1cc([N+](=O)[O-])cc2c1C(=O)N(C1CCC(=O)NC1=O)C2,0.895,
cand_2470,O=C1CCC(N2C(=O)c3c(O)ccc(-c4ccc(N5CCNCC5)cc4)c3C2=O)C(=O)N1,0.98,
cand_2471,O=C1CCC(N2Cc3ccc(Cl)c(Br)c3C2=O)C(=O)N1,0.93,
cand_2472,CCc1ccc(I)c2c1C(=O)N(C1CCC(=O)NC1=O)C2=O,0.835,
cand_2473,O=C1CCC(N2C(=O)c3cc([N+](=O)[O-])cc(Br)c3C2=O)C(=O)N1,0.925,
cand_2474,O=C1CCC(N2C(=O)c3ccc(I)c([N+](=O)[O-])c3C2=O)C(=O)N1,0.91,
cand_2475,O=C1CCC(N2Cc3ccc(Br)c(C(F)(F)F)c3C2=O)C(=O)N1,0.935,
cand_2476,COc1ccc(N(C)C)c2c1C(=O)N(C1CCC(=O)NC1=O)C2,0.93,
cand_2477,CN(C)c1ccc2c(c1Br)C(=O)N(C1CCC(=O)NC1=O)C2,0.92,
cand_2478,COc1ccc2c(c1C)CN(C1CCC(=O)NC1=O)C2=O,0.965,
cand_2479,CNc1cc2c(c(S(N)(=O)=O)c1)C(=O)N(C1CCC(=O)NC1=O)C2,0.905,
cand_2480,NC(=O)c1cc2c(cc1Br)C(=O)N(C1CCC(=O)NC1=O)C2=O,0.945,
cand_2481,CCc1ccc(C(N)=O)c2c1CN(C1CCC(=O)NC1=O)C2=O,0.81,
cand_2482,COc1ccc(N)c2c1C(=O)N(C1CCC(=O)NC1=O)C2,0.895,
cand_2483,CCc1ccc(NC)c2c1C(=O)N(C1CCC(=O)NC1=O)C2,0.795,
cand_2484,COc1ccc(OC)c2c1C(=O)N(C1CCC(=O)NC1=O)C2=O,0.95,
cand_2485,O=C1CCC(N2Cc3cc(Cl)c(Br)cc3C2=O)C(=O)N1,0.965,
cand_2486,Cc1cc2c(cc1O)CN(C1CCC(=O)NC1=O)C2=O,0.965,
cand_2487,Cc1cc2c(cc1I)CN(C1CCC(=O)NC1=O)C2=O,0.94,
cand_2488,CN(C)c1c(S(N)(=O)=O)ccc2c1C(=O)N(C1CCC(=O)NC1=O)C2=O,0.97,
cand_2489,CCc1cc2c(cc1C(F)(F)F)C(=O)N(C1CCC(=O)NC1=O)C2,0.91,
cand_2490,O=C1CCC(N2Cc3cc([N+](=O)[O-])c(C(=O)O)cc3C2=O)C(=O)N1,0.93,
cand_2491,O=C1CCC(N2Cc3c(ccc(O)c3F)C2=O)C(=O)N1,0.995,
cand_2492,COc1c(I)ccc2c1CN(C1CCC(=O)NC1=O)C2=O,0.885,
cand_2493,COc1c(-c2ccc(N3CCNCC3)cc2)ccc2c1CN(C1CCC(=O)NC1=O)C2=O,0.93,
cand_2494,O=C1CCC(N2Cc3c(ccc(C(=O)O)c3C(F)(F)F)C2=O)C(=O)N1,0.99,
cand_2495,Cc1ccc(N)c2c1C(=O)N(C1CCC(=O)NC1=O)C2,0.875,
cand_2496,CN(C)c1c(F)ccc2c1C(=O)N(C1CCC(=O)NC1=O)C2,0.93,
cand_2497,CN(C)c1c(C#N)ccc2c1C(=O)N(C1CCC(=O)NC1=O)C2=O,0.955,
cand_2498,COc1cc2c(c([N+](=O)[O-])c1)C(=O)N(C1CCC(=O)NC1=O)C2,0.895,
cand_2499,Nc1ccc2c(c1-c1ccc(N3CCNCC3)cc1)C(=O)N(C1CCC(=O)NC1=O)C2,0.96,
